Matrix Size, Iterations, Threads, Runtime
20, 0, 1, 0.000466
20, 1, 1, 0.000024
20, 2, 1, 0.000012
20, 3, 1, 0.000010
20, 4, 1, 0.000009
20, 5, 1, 0.000010
20, 6, 1, 0.000009
20, 7, 1, 0.000009
20, 8, 1, 0.000010
20, 9, 1, 0.000009
20, 10, 1, 0.000009
20, 0, 2, 0.000009
20, 1, 2, 0.000009
20, 2, 2, 0.000009
20, 3, 2, 0.000010
20, 4, 2, 0.000009
20, 5, 2, 0.000009
20, 6, 2, 0.000009
20, 7, 2, 0.000010
20, 8, 2, 0.000010
20, 9, 2, 0.000009
20, 10, 2, 0.000009
20, 0, 4, 0.000010
20, 1, 4, 0.000009
20, 2, 4, 0.000010
20, 3, 4, 0.000010
20, 4, 4, 0.000011
20, 5, 4, 0.000010
20, 6, 4, 0.000010
20, 7, 4, 0.000010
20, 8, 4, 0.000010
20, 9, 4, 0.000010
20, 10, 4, 0.000011
20, 0, 8, 0.000010
20, 1, 8, 0.000010
20, 2, 8, 0.000009
20, 3, 8, 0.000010
20, 4, 8, 0.000010
20, 5, 8, 0.000009
20, 6, 8, 0.000009
20, 7, 8, 0.000009
20, 8, 8, 0.000014
20, 9, 8, 0.000010
20, 10, 8, 0.000010
20, 0, 16, 0.000009
20, 1, 16, 0.000009
20, 2, 16, 0.000009
20, 3, 16, 0.000009
20, 4, 16, 0.000009
20, 5, 16, 0.000009
20, 6, 16, 0.000009
20, 7, 16, 0.000009
20, 8, 16, 0.000009
20, 9, 16, 0.000009
20, 10, 16, 0.000009
100, 0, 1, 0.000404
100, 1, 1, 0.000315
100, 2, 1, 0.000313
100, 3, 1, 0.000353
100, 4, 1, 0.000310
100, 5, 1, 0.000312
100, 6, 1, 0.000333
100, 7, 1, 0.000305
100, 8, 1, 0.000301
100, 9, 1, 0.000339
100, 10, 1, 0.000304
100, 0, 2, 0.000333
100, 1, 2, 0.000336
100, 2, 2, 0.000305
100, 3, 2, 0.000306
100, 4, 2, 0.000336
100, 5, 2, 0.000301
100, 6, 2, 0.000303
100, 7, 2, 0.000301
100, 8, 2, 0.000302
100, 9, 2, 0.000301
100, 10, 2, 0.000301
100, 0, 4, 0.000332
100, 1, 4, 0.000301
100, 2, 4, 0.000324
100, 3, 4, 0.000337
100, 4, 4, 0.000301
100, 5, 4, 0.000345
100, 6, 4, 0.000334
100, 7, 4, 0.000302
100, 8, 4, 0.000335
100, 9, 4, 0.003427
100, 10, 4, 0.000328
100, 0, 8, 0.000348
100, 1, 8, 0.000315
100, 2, 8, 0.000320
100, 3, 8, 0.000384
100, 4, 8, 0.000704
100, 5, 8, 0.000425
100, 6, 8, 0.000313
100, 7, 8, 0.000351
100, 8, 8, 0.000343
100, 9, 8, 0.000302
100, 10, 8, 0.000311
100, 0, 16, 0.000340
100, 1, 16, 0.000308
100, 2, 16, 0.000310
100, 3, 16, 0.000338
100, 4, 16, 0.000301
100, 5, 16, 0.000351
100, 6, 16, 0.000337
100, 7, 16, 0.000303
100, 8, 16, 0.000340
100, 9, 16, 0.000334
100, 10, 16, 0.000310
1000, 0, 1, 0.311797
1000, 1, 1, 0.329872
1000, 2, 1, 0.325182
1000, 3, 1, 0.317520
1000, 4, 1, 0.336951
1000, 5, 1, 0.325445
1000, 6, 1, 0.307831
1000, 7, 1, 0.338084
1000, 8, 1, 0.304058
1000, 9, 1, 0.343107
1000, 10, 1, 0.309848
1000, 0, 2, 0.314792
1000, 1, 2, 0.332569
1000, 2, 2, 0.308496
1000, 3, 2, 0.304671
1000, 4, 2, 0.347911
1000, 5, 2, 0.304950
1000, 6, 2, 0.316440
1000, 7, 2, 0.328256
1000, 8, 2, 0.319700
1000, 9, 2, 0.351220
1000, 10, 2, 0.314080
1000, 0, 4, 0.348110
1000, 1, 4, 0.313038
1000, 2, 4, 0.326707
1000, 3, 4, 0.315948
1000, 4, 4, 0.320013
1000, 5, 4, 0.301919
1000, 6, 4, 0.303184
1000, 7, 4, 0.308836
1000, 8, 4, 0.311489
1000, 9, 4, 0.302323
1000, 10, 4, 0.300967
1000, 0, 8, 0.322058
1000, 1, 8, 0.306319
1000, 2, 8, 0.312453
1000, 3, 8, 0.334749
1000, 4, 8, 0.330299
1000, 5, 8, 0.324672
1000, 6, 8, 0.315649
1000, 7, 8, 0.307089
1000, 8, 8, 0.314346
1000, 9, 8, 0.302168
1000, 10, 8, 0.326406
1000, 0, 16, 0.333111
1000, 1, 16, 0.312460
1000, 2, 16, 0.308599
1000, 3, 16, 0.308963
1000, 4, 16, 0.314773
1000, 5, 16, 0.305630
1000, 6, 16, 0.302566
1000, 7, 16, 0.307168
1000, 8, 16, 0.306999
1000, 9, 16, 0.326735
1000, 10, 16, 0.320118
20, 0, 1, 0.000017
20, 0, 1, 0.000019
20, 0, 1, 0.000010
20, 0, 1, 0.000011
20, 0, 1, 0.000011
20, 0, 1, 0.000009
20, 0, 1, 0.000012
20, 0, 1, 0.000016
20, 0, 1, 0.000010
20, 0, 1, 0.000015
20, 0, 1, 0.000014
20, 0, 1, 0.000018
20, 0, 1, 0.000010
20, 0, 1, 0.000009
20, 0, 1, 0.000011
20, 0, 1, 0.000015
20, 1, 1, 0.000170
20, 1, 1, 0.000481
20, 1, 1, 0.000146
20, 1, 1, 0.000243
20, 1, 1, 0.000189
20, 1, 1, 0.000216
20, 1, 1, 0.000121
20, 1, 1, 0.000297
20, 1, 1, 0.000271
20, 1, 1, 0.000095
20, 1, 1, 0.000004
20, 1, 1, 0.000065
20, 1, 1, 0.000547
20, 1, 1, 0.000414
20, 1, 1, 0.000034
20, 1, 1, 0.000335
20, 2, 1, 0.000011
20, 2, 1, 0.000128
20, 2, 1, 0.000184
20, 2, 1, 0.000076
20, 2, 1, 0.000023
20, 2, 1, 0.000061
20, 2, 1, 0.000047
20, 2, 1, 0.000114
20, 2, 1, 0.000142
20, 2, 1, 0.000160
20, 2, 1, 0.000101
20, 2, 1, 0.000089
20, 2, 1, 0.000210
20, 2, 1, 0.000004
20, 2, 1, 0.000035
20, 2, 1, 0.000190
20, 3, 1, 0.000165
20, 3, 1, 0.000004
20, 3, 1, 0.000096
20, 3, 1, 0.000108
20, 3, 1, 0.000022
20, 3, 1, 0.000135
20, 3, 1, 0.000084
20, 3, 1, 0.000012
20, 3, 1, 0.000150
20, 3, 1, 0.000057
20, 3, 1, 0.000160
20, 3, 1, 0.000046
20, 3, 1, 0.000069
20, 3, 1, 0.000152
20, 3, 1, 0.000123
20, 3, 1, 0.000032
20, 4, 1, 0.000054
20, 4, 1, 0.000136
20, 4, 1, 0.000178
20, 4, 1, 0.000176
20, 4, 1, 0.000117
20, 4, 1, 0.000156
20, 4, 1, 0.000100
20, 4, 1, 0.000028
20, 4, 1, 0.000085
20, 4, 1, 0.000064
20, 4, 1, 0.000004
20, 4, 1, 0.000074
20, 4, 1, 0.000171
20, 4, 1, 0.000041
20, 4, 1, 0.000011
20, 4, 1, 0.000174
20, 5, 1, 0.000198
20, 5, 1, 0.000057
20, 5, 1, 0.000006
20, 5, 1, 0.000082
20, 5, 1, 0.000178
20, 5, 1, 0.000194
20, 5, 1, 0.000004
20, 5, 1, 0.000122
20, 5, 1, 0.000095
20, 5, 1, 0.000139
20, 5, 1, 0.000019
20, 5, 1, 0.000070
20, 5, 1, 0.000045
20, 5, 1, 0.000033
20, 5, 1, 0.000210
20, 5, 1, 0.000157
20, 6, 1, 0.000059
20, 6, 1, 0.000013
20, 6, 1, 0.000037
20, 6, 1, 0.000073
20, 6, 1, 0.000063
20, 6, 1, 0.000004
20, 6, 1, 0.000054
20, 6, 1, 0.000072
20, 6, 1, 0.000065
20, 6, 1, 0.000019
20, 6, 1, 0.000025
20, 6, 1, 0.000011
20, 6, 1, 0.000030
20, 6, 1, 0.000084
20, 6, 1, 0.000049
20, 6, 1, 0.000042
20, 7, 1, 0.000039
20, 7, 1, 0.000188
20, 7, 1, 0.000170
20, 7, 1, 0.000249
20, 7, 1, 0.000022
20, 7, 1, 0.000004
20, 7, 1, 0.000232
20, 7, 1, 0.000147
20, 7, 1, 0.000085
20, 7, 1, 0.000240
20, 7, 1, 0.000103
20, 7, 1, 0.000059
20, 7, 1, 0.000127
20, 7, 1, 0.000245
20, 7, 1, 0.000215
20, 7, 1, 0.000251
20, 8, 1, 0.000192
20, 8, 1, 0.000245
20, 8, 1, 0.000046
20, 8, 1, 0.000128
20, 8, 1, 0.000210
20, 8, 1, 0.000027
20, 8, 1, 0.000229
20, 8, 1, 0.000294
20, 8, 1, 0.000266
20, 8, 1, 0.000278
20, 8, 1, 0.000171
20, 8, 1, 0.000108
20, 8, 1, 0.000088
20, 8, 1, 0.000151
20, 8, 1, 0.000066
20, 8, 1, 0.000005
20, 9, 1, 0.000003
20, 9, 1, 0.000260
20, 9, 1, 0.000278
20, 9, 1, 0.000225
20, 9, 1, 0.000193
20, 9, 1, 0.000160
20, 9, 1, 0.000209
20, 9, 1, 0.000176
20, 9, 1, 0.000241
20, 9, 1, 0.000143
20, 9, 1, 0.000128
20, 9, 1, 0.000108
20, 9, 1, 0.000065
20, 9, 1, 0.000088
20, 9, 1, 0.000024
20, 9, 1, 0.000045
20, 10, 1, 0.000119
20, 10, 1, 0.000240
20, 10, 1, 0.000065
20, 10, 1, 0.000271
20, 10, 1, 0.000169
20, 10, 1, 0.000041
20, 10, 1, 0.000087
20, 10, 1, 0.000021
20, 10, 1, 0.000004
20, 10, 1, 0.000256
20, 10, 1, 0.000222
20, 10, 1, 0.000207
20, 10, 1, 0.000191
20, 10, 1, 0.000288
20, 10, 1, 0.000311
20, 10, 1, 0.000151
20, 0, 2, 0.000304
20, 0, 2, 0.000020
20, 0, 2, 0.000081
20, 0, 2, 0.000064
20, 0, 2, 0.000289
20, 0, 2, 0.000247
20, 0, 2, 0.000268
20, 0, 2, 0.000004
20, 0, 2, 0.000228
20, 0, 2, 0.000146
20, 0, 2, 0.000124
20, 0, 2, 0.000096
20, 0, 2, 0.000206
20, 0, 2, 0.000187
20, 0, 2, 0.000167
20, 0, 2, 0.000045
20, 1, 2, 0.000198
20, 1, 2, 0.000134
20, 1, 2, 0.000216
20, 1, 2, 0.000252
20, 1, 2, 0.000004
20, 1, 2, 0.000235
20, 1, 2, 0.000153
20, 1, 2, 0.000293
20, 1, 2, 0.000098
20, 1, 2, 0.000084
20, 1, 2, 0.000043
20, 1, 2, 0.000064
20, 1, 2, 0.000021
20, 1, 2, 0.000114
20, 1, 2, 0.000272
20, 1, 2, 0.000172
20, 2, 2, 0.000166
20, 2, 2, 0.000100
20, 2, 2, 0.000212
20, 2, 2, 0.000046
20, 2, 2, 0.000072
20, 2, 2, 0.000004
20, 2, 2, 0.000020
20, 2, 2, 0.000228
20, 2, 2, 0.000264
20, 2, 2, 0.000245
20, 2, 2, 0.000284
20, 2, 2, 0.000151
20, 2, 2, 0.000138
20, 2, 2, 0.000197
20, 2, 2, 0.000119
20, 2, 2, 0.000180
20, 3, 2, 0.000280
20, 3, 2, 0.000239
20, 3, 2, 0.000122
20, 3, 2, 0.000003
20, 3, 2, 0.000139
20, 3, 2, 0.000088
20, 3, 2, 0.000104
20, 3, 2, 0.000062
20, 3, 2, 0.000074
20, 3, 2, 0.000045
20, 3, 2, 0.000019
20, 3, 2, 0.000220
20, 3, 2, 0.000262
20, 3, 2, 0.000200
20, 3, 2, 0.000180
20, 3, 2, 0.000154
20, 4, 2, 0.000005
20, 4, 2, 0.000185
20, 4, 2, 0.000253
20, 4, 2, 0.000236
20, 4, 2, 0.000201
20, 4, 2, 0.000167
20, 4, 2, 0.000125
20, 4, 2, 0.000141
20, 4, 2, 0.000151
20, 4, 2, 0.000220
20, 4, 2, 0.000270
20, 4, 2, 0.000105
20, 4, 2, 0.000023
20, 4, 2, 0.000086
20, 4, 2, 0.000062
20, 4, 2, 0.000043
20, 5, 2, 0.000222
20, 5, 2, 0.000204
20, 5, 2, 0.000239
20, 5, 2, 0.000189
20, 5, 2, 0.000173
20, 5, 2, 0.000159
20, 5, 2, 0.000145
20, 5, 2, 0.000132
20, 5, 2, 0.000103
20, 5, 2, 0.000118
20, 5, 2, 0.000064
20, 5, 2, 0.000083
20, 5, 2, 0.000024
20, 5, 2, 0.000044
20, 5, 2, 0.000259
20, 5, 2, 0.000005
20, 6, 2, 0.000004
20, 6, 2, 0.000022
20, 6, 2, 0.000206
20, 6, 2, 0.000189
20, 6, 2, 0.000172
20, 6, 2, 0.000158
20, 6, 2, 0.000147
20, 6, 2, 0.000117
20, 6, 2, 0.000131
20, 6, 2, 0.000268
20, 6, 2, 0.000097
20, 6, 2, 0.000077
20, 6, 2, 0.000253
20, 6, 2, 0.000042
20, 6, 2, 0.000059
20, 6, 2, 0.000221
20, 7, 2, 0.000124
20, 7, 2, 0.000061
20, 7, 2, 0.000180
20, 7, 2, 0.000170
20, 7, 2, 0.000193
20, 7, 2, 0.000224
20, 7, 2, 0.000207
20, 7, 2, 0.000143
20, 7, 2, 0.000155
20, 7, 2, 0.000082
20, 7, 2, 0.000020
20, 7, 2, 0.000042
20, 7, 2, 0.000252
20, 7, 2, 0.000241
20, 7, 2, 0.000004
20, 7, 2, 0.000103
20, 8, 2, 0.000270
20, 8, 2, 0.000023
20, 8, 2, 0.000254
20, 8, 2, 0.000196
20, 8, 2, 0.000211
20, 8, 2, 0.000179
20, 8, 2, 0.000239
20, 8, 2, 0.000227
20, 8, 2, 0.000165
20, 8, 2, 0.000149
20, 8, 2, 0.000004
20, 8, 2, 0.000128
20, 8, 2, 0.000064
20, 8, 2, 0.000087
20, 8, 2, 0.000107
20, 8, 2, 0.000043
20, 9, 2, 0.000004
20, 9, 2, 0.000152
20, 9, 2, 0.000164
20, 9, 2, 0.000291
20, 9, 2, 0.000258
20, 9, 2, 0.000276
20, 9, 2, 0.000084
20, 9, 2, 0.000023
20, 9, 2, 0.000074
20, 9, 2, 0.000045
20, 9, 2, 0.000192
20, 9, 2, 0.000181
20, 9, 2, 0.000240
20, 9, 2, 0.000208
20, 9, 2, 0.000224
20, 9, 2, 0.000134
20, 10, 2, 0.000004
20, 10, 2, 0.000022
20, 10, 2, 0.000056
20, 10, 2, 0.000151
20, 10, 2, 0.000231
20, 10, 2, 0.000040
20, 10, 2, 0.000214
20, 10, 2, 0.000198
20, 10, 2, 0.000092
20, 10, 2, 0.000072
20, 10, 2, 0.000261
20, 10, 2, 0.000249
20, 10, 2, 0.000111
20, 10, 2, 0.000172
20, 10, 2, 0.000279
20, 10, 2, 0.000132
20, 0, 4, 0.000204
20, 0, 4, 0.000223
20, 0, 4, 0.000004
20, 0, 4, 0.000070
20, 0, 4, 0.000243
20, 0, 4, 0.000188
20, 0, 4, 0.000170
20, 0, 4, 0.000137
20, 0, 4, 0.000123
20, 0, 4, 0.000260
20, 0, 4, 0.000108
20, 0, 4, 0.000093
20, 0, 4, 0.000046
20, 0, 4, 0.000279
20, 0, 4, 0.000027
20, 0, 4, 0.000153
20, 1, 4, 0.000259
20, 1, 4, 0.000039
20, 1, 4, 0.000185
20, 1, 4, 0.000169
20, 1, 4, 0.000138
20, 1, 4, 0.000126
20, 1, 4, 0.000079
20, 1, 4, 0.000093
20, 1, 4, 0.000110
20, 1, 4, 0.000060
20, 1, 4, 0.000203
20, 1, 4, 0.000223
20, 1, 4, 0.000020
20, 1, 4, 0.000243
20, 1, 4, 0.000003
20, 1, 4, 0.000152
20, 2, 4, 0.000020
20, 2, 4, 0.000170
20, 2, 4, 0.000157
20, 2, 4, 0.000265
20, 2, 4, 0.000141
20, 2, 4, 0.000211
20, 2, 4, 0.000003
20, 2, 4, 0.000230
20, 2, 4, 0.000187
20, 2, 4, 0.000196
20, 2, 4, 0.000120
20, 2, 4, 0.000035
20, 2, 4, 0.000055
20, 2, 4, 0.000075
20, 2, 4, 0.000101
20, 2, 4, 0.000248
20, 3, 4, 0.000214
20, 3, 4, 0.000087
20, 3, 4, 0.000166
20, 3, 4, 0.000150
20, 3, 4, 0.000198
20, 3, 4, 0.000184
20, 3, 4, 0.000126
20, 3, 4, 0.000137
20, 3, 4, 0.000231
20, 3, 4, 0.000243
20, 3, 4, 0.000003
20, 3, 4, 0.000027
20, 3, 4, 0.000107
20, 3, 4, 0.000068
20, 3, 4, 0.000047
20, 3, 4, 0.000261
20, 4, 4, 0.000222
20, 4, 4, 0.000101
20, 4, 4, 0.000258
20, 4, 4, 0.000175
20, 4, 4, 0.000192
20, 4, 4, 0.000134
20, 4, 4, 0.000121
20, 4, 4, 0.000209
20, 4, 4, 0.000161
20, 4, 4, 0.000150
20, 4, 4, 0.000061
20, 4, 4, 0.000081
20, 4, 4, 0.000041
20, 4, 4, 0.000021
20, 4, 4, 0.000241
20, 4, 4, 0.000003
20, 5, 4, 0.000003
20, 5, 4, 0.003697
20, 5, 4, 0.003857
20, 5, 4, 0.000011
20, 5, 4, 0.000021
20, 5, 4, 0.003782
20, 5, 4, 0.003769
20, 5, 4, 0.003795
20, 5, 4, 0.003873
20, 5, 4, 0.003840
20, 5, 4, 0.003717
20, 5, 4, 0.003815
20, 5, 4, 0.003825
20, 5, 4, 0.003727
20, 5, 4, 0.003891
20, 5, 4, 0.003905
20, 6, 4, 0.000003
20, 6, 4, 0.000097
20, 6, 4, 0.000086
20, 6, 4, 0.000022
20, 6, 4, 0.000294
20, 6, 4, 0.000156
20, 6, 4, 0.000173
20, 6, 4, 0.000199
20, 6, 4, 0.000189
20, 6, 4, 0.000140
20, 6, 4, 0.000259
20, 6, 4, 0.000118
20, 6, 4, 0.000068
20, 6, 4, 0.000240
20, 6, 4, 0.000217
20, 6, 4, 0.000280
20, 7, 4, 0.000004
20, 7, 4, 0.000197
20, 7, 4, 0.000181
20, 7, 4, 0.000274
20, 7, 4, 0.000123
20, 7, 4, 0.000107
20, 7, 4, 0.000166
20, 7, 4, 0.000139
20, 7, 4, 0.000150
20, 7, 4, 0.000253
20, 7, 4, 0.000238
20, 7, 4, 0.000216
20, 7, 4, 0.000065
20, 7, 4, 0.000088
20, 7, 4, 0.000045
20, 7, 4, 0.000021
20, 8, 4, 0.000218
20, 8, 4, 0.000058
20, 8, 4, 0.000203
20, 8, 4, 0.000156
20, 8, 4, 0.000170
20, 8, 4, 0.000187
20, 8, 4, 0.000132
20, 8, 4, 0.000142
20, 8, 4, 0.000102
20, 8, 4, 0.000116
20, 8, 4, 0.000004
20, 8, 4, 0.000076
20, 8, 4, 0.000042
20, 8, 4, 0.000255
20, 8, 4, 0.000022
20, 8, 4, 0.000234
20, 9, 4, 0.000257
20, 9, 4, 0.000150
20, 9, 4, 0.000159
20, 9, 4, 0.000222
20, 9, 4, 0.000173
20, 9, 4, 0.000206
20, 9, 4, 0.000189
20, 9, 4, 0.000134
20, 9, 4, 0.000122
20, 9, 4, 0.000020
20, 9, 4, 0.000241
20, 9, 4, 0.000061
20, 9, 4, 0.000039
20, 9, 4, 0.000095
20, 9, 4, 0.000003
20, 9, 4, 0.000080
20, 10, 4, 0.000021
20, 10, 4, 0.000197
20, 10, 4, 0.000180
20, 10, 4, 0.000145
20, 10, 4, 0.000160
20, 10, 4, 0.000004
20, 10, 4, 0.000104
20, 10, 4, 0.000084
20, 10, 4, 0.000123
20, 10, 4, 0.000041
20, 10, 4, 0.000063
20, 10, 4, 0.000282
20, 10, 4, 0.000224
20, 10, 4, 0.000240
20, 10, 4, 0.000258
20, 10, 4, 0.000268
20, 0, 8, 0.000011
20, 0, 8, 0.000206
20, 0, 8, 0.000026
20, 0, 8, 0.000003
20, 0, 8, 0.000238
20, 0, 8, 0.000219
20, 0, 8, 0.000061
20, 0, 8, 0.000167
20, 0, 8, 0.000149
20, 0, 8, 0.000100
20, 0, 8, 0.000124
20, 0, 8, 0.000045
20, 0, 8, 0.000080
20, 0, 8, 0.000187
20, 0, 8, 0.000272
20, 0, 8, 0.000255
20, 1, 8, 0.000188
20, 1, 8, 0.000016
20, 1, 8, 0.000264
20, 1, 8, 0.000206
20, 1, 8, 0.000250
20, 1, 8, 0.000003
20, 1, 8, 0.000221
20, 1, 8, 0.000236
20, 1, 8, 0.000270
20, 1, 8, 0.000043
20, 1, 8, 0.000085
20, 1, 8, 0.000168
20, 1, 8, 0.000105
20, 1, 8, 0.000144
20, 1, 8, 0.000065
20, 1, 8, 0.000125
20, 2, 8, 0.000004
20, 2, 8, 0.000166
20, 2, 8, 0.000227
20, 2, 8, 0.000176
20, 2, 8, 0.000294
20, 2, 8, 0.000277
20, 2, 8, 0.000086
20, 2, 8, 0.000024
20, 2, 8, 0.000066
20, 2, 8, 0.000046
20, 2, 8, 0.000211
20, 2, 8, 0.000193
20, 2, 8, 0.000245
20, 2, 8, 0.000259
20, 2, 8, 0.000127
20, 2, 8, 0.000147
20, 3, 8, 0.000004
20, 3, 8, 0.000181
20, 3, 8, 0.000198
20, 3, 8, 0.000229
20, 3, 8, 0.000090
20, 3, 8, 0.000022
20, 3, 8, 0.000074
20, 3, 8, 0.000041
20, 3, 8, 0.000057
20, 3, 8, 0.000245
20, 3, 8, 0.000214
20, 3, 8, 0.000161
20, 3, 8, 0.000128
20, 3, 8, 0.000261
20, 3, 8, 0.000110
20, 3, 8, 0.000146
20, 4, 8, 0.000004
20, 4, 8, 0.000069
20, 4, 8, 0.000241
20, 4, 8, 0.000224
20, 4, 8, 0.000159
20, 4, 8, 0.000192
20, 4, 8, 0.000108
20, 4, 8, 0.000119
20, 4, 8, 0.000175
20, 4, 8, 0.000143
20, 4, 8, 0.000133
20, 4, 8, 0.000088
20, 4, 8, 0.000027
20, 4, 8, 0.000046
20, 4, 8, 0.000260
20, 4, 8, 0.000208
20, 5, 8, 0.000200
20, 5, 8, 0.000253
20, 5, 8, 0.000219
20, 5, 8, 0.000129
20, 5, 8, 0.000003
20, 5, 8, 0.000113
20, 5, 8, 0.000103
20, 5, 8, 0.000145
20, 5, 8, 0.000155
20, 5, 8, 0.000184
20, 5, 8, 0.000078
20, 5, 8, 0.000040
20, 5, 8, 0.000061
20, 5, 8, 0.000237
20, 5, 8, 0.000020
20, 5, 8, 0.000168
20, 6, 8, 0.000003
20, 6, 8, 0.000258
20, 6, 8, 0.000192
20, 6, 8, 0.000210
20, 6, 8, 0.000228
20, 6, 8, 0.000126
20, 6, 8, 0.000158
20, 6, 8, 0.000146
20, 6, 8, 0.000106
20, 6, 8, 0.000277
20, 6, 8, 0.000043
20, 6, 8, 0.000086
20, 6, 8, 0.000066
20, 6, 8, 0.000294
20, 6, 8, 0.000020
20, 6, 8, 0.000175
20, 7, 8, 0.000233
20, 7, 8, 0.000201
20, 7, 8, 0.000040
20, 7, 8, 0.000003
20, 7, 8, 0.000171
20, 7, 8, 0.000160
20, 7, 8, 0.000185
20, 7, 8, 0.000217
20, 7, 8, 0.000260
20, 7, 8, 0.000140
20, 7, 8, 0.000100
20, 7, 8, 0.000058
20, 7, 8, 0.000120
20, 7, 8, 0.000077
20, 7, 8, 0.000019
20, 7, 8, 0.000252
20, 8, 8, 0.000223
20, 8, 8, 0.000004
20, 8, 8, 0.000135
20, 8, 8, 0.000240
20, 8, 8, 0.000170
20, 8, 8, 0.000185
20, 8, 8, 0.000195
20, 8, 8, 0.000248
20, 8, 8, 0.000208
20, 8, 8, 0.000117
20, 8, 8, 0.000078
20, 8, 8, 0.000059
20, 8, 8, 0.000098
20, 8, 8, 0.000039
20, 8, 8, 0.000020
20, 8, 8, 0.000152
20, 9, 8, 0.000003
20, 9, 8, 0.000021
20, 9, 8, 0.000252
20, 9, 8, 0.000047
20, 9, 8, 0.000044
20, 9, 8, 0.000262
20, 9, 8, 0.000164
20, 9, 8, 0.000150
20, 9, 8, 0.000179
20, 9, 8, 0.000189
20, 9, 8, 0.000239
20, 9, 8, 0.000222
20, 9, 8, 0.000204
20, 9, 8, 0.000131
20, 9, 8, 0.000117
20, 9, 8, 0.000099
20, 10, 8, 0.000165
20, 10, 8, 0.000184
20, 10, 8, 0.000246
20, 10, 8, 0.000225
20, 10, 8, 0.000082
20, 10, 8, 0.000064
20, 10, 8, 0.000148
20, 10, 8, 0.000136
20, 10, 8, 0.000113
20, 10, 8, 0.000122
20, 10, 8, 0.000265
20, 10, 8, 0.000045
20, 10, 8, 0.000206
20, 10, 8, 0.000024
20, 10, 8, 0.000004
20, 10, 8, 0.000098
20, 0, 16, 0.000248
20, 0, 16, 0.000003
20, 0, 16, 0.000092
20, 0, 16, 0.000162
20, 0, 16, 0.000178
20, 0, 16, 0.000133
20, 0, 16, 0.000146
20, 0, 16, 0.000110
20, 0, 16, 0.000121
20, 0, 16, 0.000076
20, 0, 16, 0.000037
20, 0, 16, 0.000058
20, 0, 16, 0.000236
20, 0, 16, 0.000215
20, 0, 16, 0.000017
20, 0, 16, 0.000197
20, 1, 16, 0.000256
20, 1, 16, 0.000224
20, 1, 16, 0.000151
20, 1, 16, 0.000140
20, 1, 16, 0.000003
20, 1, 16, 0.000208
20, 1, 16, 0.000192
20, 1, 16, 0.000245
20, 1, 16, 0.000177
20, 1, 16, 0.000165
20, 1, 16, 0.000121
20, 1, 16, 0.000101
20, 1, 16, 0.000080
20, 1, 16, 0.000060
20, 1, 16, 0.000040
20, 1, 16, 0.000020
20, 2, 16, 0.000004
20, 2, 16, 0.000122
20, 2, 16, 0.000138
20, 2, 16, 0.000156
20, 2, 16, 0.000270
20, 2, 16, 0.000173
20, 2, 16, 0.000215
20, 2, 16, 0.000255
20, 2, 16, 0.000102
20, 2, 16, 0.000023
20, 2, 16, 0.000062
20, 2, 16, 0.000081
20, 2, 16, 0.000043
20, 2, 16, 0.000242
20, 2, 16, 0.000231
20, 2, 16, 0.000200
20, 3, 16, 0.000171
20, 3, 16, 0.000203
20, 3, 16, 0.000151
20, 3, 16, 0.000187
20, 3, 16, 0.000219
20, 3, 16, 0.000019
20, 3, 16, 0.000031
20, 3, 16, 0.000236
20, 3, 16, 0.000250
20, 3, 16, 0.000003
20, 3, 16, 0.000130
20, 3, 16, 0.000087
20, 3, 16, 0.000068
20, 3, 16, 0.000048
20, 3, 16, 0.000107
20, 3, 16, 0.000268
20, 4, 16, 0.000004
20, 4, 16, 0.000215
20, 4, 16, 0.000231
20, 4, 16, 0.000186
20, 4, 16, 0.000249
20, 4, 16, 0.000117
20, 4, 16, 0.000149
20, 4, 16, 0.000135
20, 4, 16, 0.000163
20, 4, 16, 0.000173
20, 4, 16, 0.000059
20, 4, 16, 0.000098
20, 4, 16, 0.000038
20, 4, 16, 0.000077
20, 4, 16, 0.000199
20, 4, 16, 0.000023
20, 5, 16, 0.000004
20, 5, 16, 0.000255
20, 5, 16, 0.000204
20, 5, 16, 0.000134
20, 5, 16, 0.000160
20, 5, 16, 0.000171
20, 5, 16, 0.000252
20, 5, 16, 0.000221
20, 5, 16, 0.000043
20, 5, 16, 0.000098
20, 5, 16, 0.000188
20, 5, 16, 0.000082
20, 5, 16, 0.000117
20, 5, 16, 0.000062
20, 5, 16, 0.000273
20, 5, 16, 0.000145
20, 6, 16, 0.000216
20, 6, 16, 0.000153
20, 6, 16, 0.000249
20, 6, 16, 0.000003
20, 6, 16, 0.000186
20, 6, 16, 0.000093
20, 6, 16, 0.000168
20, 6, 16, 0.000135
20, 6, 16, 0.000053
20, 6, 16, 0.000113
20, 6, 16, 0.000036
20, 6, 16, 0.000073
20, 6, 16, 0.000263
20, 6, 16, 0.000018
20, 6, 16, 0.000201
20, 6, 16, 0.000230
20, 7, 16, 0.000241
20, 7, 16, 0.000042
20, 7, 16, 0.000259
20, 7, 16, 0.000003
20, 7, 16, 0.000194
20, 7, 16, 0.000159
20, 7, 16, 0.000270
20, 7, 16, 0.000228
20, 7, 16, 0.000212
20, 7, 16, 0.000024
20, 7, 16, 0.000119
20, 7, 16, 0.000101
20, 7, 16, 0.000086
20, 7, 16, 0.000140
20, 7, 16, 0.000065
20, 7, 16, 0.000177
20, 8, 16, 0.000264
20, 8, 16, 0.000003
20, 8, 16, 0.000140
20, 8, 16, 0.000129
20, 8, 16, 0.000209
20, 8, 16, 0.000226
20, 8, 16, 0.000193
20, 8, 16, 0.000156
20, 8, 16, 0.000165
20, 8, 16, 0.000179
20, 8, 16, 0.000110
20, 8, 16, 0.000090
20, 8, 16, 0.000043
20, 8, 16, 0.000061
20, 8, 16, 0.000022
20, 8, 16, 0.000244
20, 9, 16, 0.000004
20, 9, 16, 0.000144
20, 9, 16, 0.000133
20, 9, 16, 0.000115
20, 9, 16, 0.000198
20, 9, 16, 0.000094
20, 9, 16, 0.000247
20, 9, 16, 0.000018
20, 9, 16, 0.000073
20, 9, 16, 0.000059
20, 9, 16, 0.000039
20, 9, 16, 0.000231
20, 9, 16, 0.000217
20, 9, 16, 0.000264
20, 9, 16, 0.000183
20, 9, 16, 0.000166
20, 10, 16, 0.000087
20, 10, 16, 0.000051
20, 10, 16, 0.000068
20, 10, 16, 0.000003
20, 10, 16, 0.000095
20, 10, 16, 0.000008
20, 10, 16, 0.000660
20, 10, 16, 0.000651
20, 10, 16, 0.000027
20, 10, 16, 0.000022
20, 10, 16, 0.000059
20, 10, 16, 0.000078
20, 10, 16, 0.000044
20, 10, 16, 0.000035
20, 10, 16, 0.000676
20, 10, 16, 0.000015
100, 0, 1, 0.000331
100, 0, 1, 0.000330
100, 0, 1, 0.000331
100, 0, 1, 0.000330
100, 0, 1, 0.000330
100, 0, 1, 0.000331
100, 0, 1, 0.000330
100, 0, 1, 0.000331
100, 0, 1, 0.000331
100, 0, 1, 0.000331
100, 0, 1, 0.000329
100, 0, 1, 0.000330
100, 0, 1, 0.000330
100, 0, 1, 0.000329
100, 0, 1, 0.000329
100, 0, 1, 0.000329
100, 1, 1, 0.000299
100, 1, 1, 0.000318
100, 1, 1, 0.000514
100, 1, 1, 0.000442
100, 1, 1, 0.000453
100, 1, 1, 0.000423
100, 1, 1, 0.000484
100, 1, 1, 0.000467
100, 1, 1, 0.000559
100, 1, 1, 0.000380
100, 1, 1, 0.000340
100, 1, 1, 0.000538
100, 1, 1, 0.000400
100, 1, 1, 0.000360
100, 1, 1, 0.000573
100, 1, 1, 0.000501
100, 2, 1, 0.000558
100, 2, 1, 0.000425
100, 2, 1, 0.000517
100, 2, 1, 0.000342
100, 2, 1, 0.000403
100, 2, 1, 0.000501
100, 2, 1, 0.000445
100, 2, 1, 0.000545
100, 2, 1, 0.000535
100, 2, 1, 0.000486
100, 2, 1, 0.000466
100, 2, 1, 0.000384
100, 2, 1, 0.000362
100, 2, 1, 0.000593
100, 2, 1, 0.000579
100, 2, 1, 0.000327
100, 3, 1, 0.000553
100, 3, 1, 0.000521
100, 3, 1, 0.000505
100, 3, 1, 0.000471
100, 3, 1, 0.000488
100, 3, 1, 0.000443
100, 3, 1, 0.000432
100, 3, 1, 0.000373
100, 3, 1, 0.000540
100, 3, 1, 0.000353
100, 3, 1, 0.000333
100, 3, 1, 0.000456
100, 3, 1, 0.000416
100, 3, 1, 0.000396
100, 3, 1, 0.000312
100, 3, 1, 0.000295
100, 4, 1, 0.000588
100, 4, 1, 0.000424
100, 4, 1, 0.000579
100, 4, 1, 0.000562
100, 4, 1, 0.000504
100, 4, 1, 0.000515
100, 4, 1, 0.000387
100, 4, 1, 0.000547
100, 4, 1, 0.000405
100, 4, 1, 0.000530
100, 4, 1, 0.000443
100, 4, 1, 0.000483
100, 4, 1, 0.000368
100, 4, 1, 0.000462
100, 4, 1, 0.000348
100, 4, 1, 0.000330
100, 5, 1, 0.000561
100, 5, 1, 0.000541
100, 5, 1, 0.000507
100, 5, 1, 0.000523
100, 5, 1, 0.000451
100, 5, 1, 0.000494
100, 5, 1, 0.000375
100, 5, 1, 0.000416
100, 5, 1, 0.000484
100, 5, 1, 0.000335
100, 5, 1, 0.000394
100, 5, 1, 0.000467
100, 5, 1, 0.000355
100, 5, 1, 0.000434
100, 5, 1, 0.000311
100, 5, 1, 0.000295
100, 6, 1, 0.000583
100, 6, 1, 0.000421
100, 6, 1, 0.000458
100, 6, 1, 0.000539
100, 6, 1, 0.000554
100, 6, 1, 0.000381
100, 6, 1, 0.000442
100, 6, 1, 0.000509
100, 6, 1, 0.000523
100, 6, 1, 0.000341
100, 6, 1, 0.000400
100, 6, 1, 0.000466
100, 6, 1, 0.000361
100, 6, 1, 0.000316
100, 6, 1, 0.000573
100, 6, 1, 0.000299
100, 7, 1, 0.000587
100, 7, 1, 0.000570
100, 7, 1, 0.000515
100, 7, 1, 0.000548
100, 7, 1, 0.000532
100, 7, 1, 0.000461
100, 7, 1, 0.000476
100, 7, 1, 0.000486
100, 7, 1, 0.000500
100, 7, 1, 0.000382
100, 7, 1, 0.000444
100, 7, 1, 0.000425
100, 7, 1, 0.000404
100, 7, 1, 0.000363
100, 7, 1, 0.000343
100, 7, 1, 0.000325
100, 8, 1, 0.000562
100, 8, 1, 0.000298
100, 8, 1, 0.000491
100, 8, 1, 0.000525
100, 8, 1, 0.000509
100, 8, 1, 0.000475
100, 8, 1, 0.000437
100, 8, 1, 0.000462
100, 8, 1, 0.000453
100, 8, 1, 0.000394
100, 8, 1, 0.000374
100, 8, 1, 0.000314
100, 8, 1, 0.000413
100, 8, 1, 0.000545
100, 8, 1, 0.000353
100, 8, 1, 0.000334
100, 9, 1, 0.000552
100, 9, 1, 0.000323
100, 9, 1, 0.000535
100, 9, 1, 0.000460
100, 9, 1, 0.000472
100, 9, 1, 0.000503
100, 9, 1, 0.000519
100, 9, 1, 0.000443
100, 9, 1, 0.000486
100, 9, 1, 0.000385
100, 9, 1, 0.000343
100, 9, 1, 0.000424
100, 9, 1, 0.000571
100, 9, 1, 0.000586
100, 9, 1, 0.000364
100, 9, 1, 0.000405
100, 10, 1, 0.000524
100, 10, 1, 0.000395
100, 10, 1, 0.000565
100, 10, 1, 0.000451
100, 10, 1, 0.000485
100, 10, 1, 0.000435
100, 10, 1, 0.000357
100, 10, 1, 0.000340
100, 10, 1, 0.000500
100, 10, 1, 0.000510
100, 10, 1, 0.000301
100, 10, 1, 0.000415
100, 10, 1, 0.000375
100, 10, 1, 0.000320
100, 10, 1, 0.000543
100, 10, 1, 0.000468
100, 0, 2, 0.000531
100, 0, 2, 0.000374
100, 0, 2, 0.000415
100, 0, 2, 0.000354
100, 0, 2, 0.000334
100, 0, 2, 0.000394
100, 0, 2, 0.000297
100, 0, 2, 0.000569
100, 0, 2, 0.000484
100, 0, 2, 0.000500
100, 0, 2, 0.000516
100, 0, 2, 0.000456
100, 0, 2, 0.000468
100, 0, 2, 0.000314
100, 0, 2, 0.000552
100, 0, 2, 0.000428
100, 1, 2, 0.000554
100, 1, 2, 0.000325
100, 1, 2, 0.000458
100, 1, 2, 0.000588
100, 1, 2, 0.000411
100, 1, 2, 0.000383
100, 1, 2, 0.000394
100, 1, 2, 0.000427
100, 1, 2, 0.000444
100, 1, 2, 0.000476
100, 1, 2, 0.000574
100, 1, 2, 0.000517
100, 1, 2, 0.000342
100, 1, 2, 0.000537
100, 1, 2, 0.000497
100, 1, 2, 0.000364
100, 2, 2, 0.000294
100, 2, 2, 0.000522
100, 2, 2, 0.000409
100, 2, 2, 0.000442
100, 2, 2, 0.000538
100, 2, 2, 0.000549
100, 2, 2, 0.000426
100, 2, 2, 0.000471
100, 2, 2, 0.000460
100, 2, 2, 0.000504
100, 2, 2, 0.000487
100, 2, 2, 0.000389
100, 2, 2, 0.000330
100, 2, 2, 0.000349
100, 2, 2, 0.000369
100, 2, 2, 0.000312
100, 3, 2, 0.000440
100, 3, 2, 0.000326
100, 3, 2, 0.000569
100, 3, 2, 0.000552
100, 3, 2, 0.000521
100, 3, 2, 0.000511
100, 3, 2, 0.000536
100, 3, 2, 0.000423
100, 3, 2, 0.000497
100, 3, 2, 0.000477
100, 3, 2, 0.000459
100, 3, 2, 0.000345
100, 3, 2, 0.000404
100, 3, 2, 0.000385
100, 3, 2, 0.000367
100, 3, 2, 0.000593
100, 4, 2, 0.000294
100, 4, 2, 0.000526
100, 4, 2, 0.000399
100, 4, 2, 0.000412
100, 4, 2, 0.000465
100, 4, 2, 0.000429
100, 4, 2, 0.000565
100, 4, 2, 0.000447
100, 4, 2, 0.000508
100, 4, 2, 0.000481
100, 4, 2, 0.000492
100, 4, 2, 0.000336
100, 4, 2, 0.000357
100, 4, 2, 0.000312
100, 4, 2, 0.000379
100, 4, 2, 0.000545
100, 5, 2, 0.000299
100, 5, 2, 0.000428
100, 5, 2, 0.000363
100, 5, 2, 0.000385
100, 5, 2, 0.000570
100, 5, 2, 0.000543
100, 5, 2, 0.000554
100, 5, 2, 0.000458
100, 5, 2, 0.000492
100, 5, 2, 0.000341
100, 5, 2, 0.000527
100, 5, 2, 0.000476
100, 5, 2, 0.000442
100, 5, 2, 0.000511
100, 5, 2, 0.000591
100, 5, 2, 0.000317
100, 6, 2, 0.000484
100, 6, 2, 0.000544
100, 6, 2, 0.000438
100, 6, 2, 0.000380
100, 6, 2, 0.000333
100, 6, 2, 0.000364
100, 6, 2, 0.000457
100, 6, 2, 0.000469
100, 6, 2, 0.000294
100, 6, 2, 0.000526
100, 6, 2, 0.000504
100, 6, 2, 0.000399
100, 6, 2, 0.000313
100, 6, 2, 0.000555
100, 6, 2, 0.000349
100, 6, 2, 0.000420
100, 7, 2, 0.000553
100, 7, 2, 0.000357
100, 7, 2, 0.000549
100, 7, 2, 0.000517
100, 7, 2, 0.000536
100, 7, 2, 0.000486
100, 7, 2, 0.000502
100, 7, 2, 0.000457
100, 7, 2, 0.000468
100, 7, 2, 0.000336
100, 7, 2, 0.000437
100, 7, 2, 0.000377
100, 7, 2, 0.000397
100, 7, 2, 0.000300
100, 7, 2, 0.000417
100, 7, 2, 0.000320
100, 8, 2, 0.000560
100, 8, 2, 0.000321
100, 8, 2, 0.000362
100, 8, 2, 0.000600
100, 8, 2, 0.000528
100, 8, 2, 0.000545
100, 8, 2, 0.000479
100, 8, 2, 0.000463
100, 8, 2, 0.000496
100, 8, 2, 0.000336
100, 8, 2, 0.000424
100, 8, 2, 0.000383
100, 8, 2, 0.000512
100, 8, 2, 0.000445
100, 8, 2, 0.000404
100, 8, 2, 0.000580
100, 9, 2, 0.000293
100, 9, 2, 0.000333
100, 9, 2, 0.000499
100, 9, 2, 0.000311
100, 9, 2, 0.000532
100, 9, 2, 0.000483
100, 9, 2, 0.000351
100, 9, 2, 0.000466
100, 9, 2, 0.000452
100, 9, 2, 0.000433
100, 9, 2, 0.000561
100, 9, 2, 0.000550
100, 9, 2, 0.000371
100, 9, 2, 0.000392
100, 9, 2, 0.000413
100, 9, 2, 0.000515
100, 10, 2, 0.000533
100, 10, 2, 0.000569
100, 10, 2, 0.000402
100, 10, 2, 0.000298
100, 10, 2, 0.000494
100, 10, 2, 0.000316
100, 10, 2, 0.000336
100, 10, 2, 0.000463
100, 10, 2, 0.000479
100, 10, 2, 0.000417
100, 10, 2, 0.000433
100, 10, 2, 0.000445
100, 10, 2, 0.000514
100, 10, 2, 0.000555
100, 10, 2, 0.000371
100, 10, 2, 0.000390
100, 0, 4, 0.000520
100, 0, 4, 0.000324
100, 0, 4, 0.000409
100, 0, 4, 0.000486
100, 0, 4, 0.000557
100, 0, 4, 0.000294
100, 0, 4, 0.000424
100, 0, 4, 0.000364
100, 0, 4, 0.000377
100, 0, 4, 0.000393
100, 0, 4, 0.000344
100, 0, 4, 0.000467
100, 0, 4, 0.000444
100, 0, 4, 0.000307
100, 0, 4, 0.000538
100, 0, 4, 0.000504
100, 1, 4, 0.000523
100, 1, 4, 0.000297
100, 1, 4, 0.000500
100, 1, 4, 0.000421
100, 1, 4, 0.000469
100, 1, 4, 0.000452
100, 1, 4, 0.000440
100, 1, 4, 0.000542
100, 1, 4, 0.000485
100, 1, 4, 0.000578
100, 1, 4, 0.000359
100, 1, 4, 0.000399
100, 1, 4, 0.000560
100, 1, 4, 0.000379
100, 1, 4, 0.000338
100, 1, 4, 0.000315
100, 2, 4, 0.000296
100, 2, 4, 0.000643
100, 2, 4, 0.000781
100, 2, 4, 0.000328
100, 2, 4, 0.000748
100, 2, 4, 0.000765
100, 2, 4, 0.000698
100, 2, 4, 0.000685
100, 2, 4, 0.000310
100, 2, 4, 0.000302
100, 2, 4, 0.000731
100, 2, 4, 0.000714
100, 2, 4, 0.000655
100, 2, 4, 0.000669
100, 2, 4, 0.000342
100, 2, 4, 0.000318
100, 3, 4, 0.000470
100, 3, 4, 0.000439
100, 3, 4, 0.000527
100, 3, 4, 0.000398
100, 3, 4, 0.000486
100, 3, 4, 0.000332
100, 3, 4, 0.000362
100, 3, 4, 0.000379
100, 3, 4, 0.000542
100, 3, 4, 0.000349
100, 3, 4, 0.000454
100, 3, 4, 0.000420
100, 3, 4, 0.000313
100, 3, 4, 0.000549
100, 3, 4, 0.000506
100, 3, 4, 0.000294
100, 4, 4, 0.000314
100, 4, 4, 0.000418
100, 4, 4, 0.000575
100, 4, 4, 0.000493
100, 4, 4, 0.000564
100, 4, 4, 0.000477
100, 4, 4, 0.000583
100, 4, 4, 0.000459
100, 4, 4, 0.000445
100, 4, 4, 0.000435
100, 4, 4, 0.000524
100, 4, 4, 0.000542
100, 4, 4, 0.000377
100, 4, 4, 0.000397
100, 4, 4, 0.000334
100, 4, 4, 0.000355
100, 5, 4, 0.000318
100, 5, 4, 0.000374
100, 5, 4, 0.000442
100, 5, 4, 0.000432
100, 5, 4, 0.000507
100, 5, 4, 0.000414
100, 5, 4, 0.000526
100, 5, 4, 0.000352
100, 5, 4, 0.000491
100, 5, 4, 0.000458
100, 5, 4, 0.000396
100, 5, 4, 0.000560
100, 5, 4, 0.000545
100, 5, 4, 0.000336
100, 5, 4, 0.000580
100, 5, 4, 0.000473
100, 6, 4, 0.000494
100, 6, 4, 0.000553
100, 6, 4, 0.000352
100, 6, 4, 0.000365
100, 6, 4, 0.000297
100, 6, 4, 0.000421
100, 6, 4, 0.000405
100, 6, 4, 0.000460
100, 6, 4, 0.000522
100, 6, 4, 0.000512
100, 6, 4, 0.000538
100, 6, 4, 0.000332
100, 6, 4, 0.000313
100, 6, 4, 0.000384
100, 6, 4, 0.000439
100, 6, 4, 0.000477
100, 7, 4, 0.000590
100, 7, 4, 0.000518
100, 7, 4, 0.000471
100, 7, 4, 0.000457
100, 7, 4, 0.000488
100, 7, 4, 0.000552
100, 7, 4, 0.000537
100, 7, 4, 0.000503
100, 7, 4, 0.000328
100, 7, 4, 0.000346
100, 7, 4, 0.000446
100, 7, 4, 0.000366
100, 7, 4, 0.000409
100, 7, 4, 0.000427
100, 7, 4, 0.000386
100, 7, 4, 0.000574
100, 8, 4, 0.000294
100, 8, 4, 0.000311
100, 8, 4, 0.000433
100, 8, 4, 0.000525
100, 8, 4, 0.000541
100, 8, 4, 0.000450
100, 8, 4, 0.000511
100, 8, 4, 0.000394
100, 8, 4, 0.000468
100, 8, 4, 0.000480
100, 8, 4, 0.000496
100, 8, 4, 0.000356
100, 8, 4, 0.000413
100, 8, 4, 0.000334
100, 8, 4, 0.000375
100, 8, 4, 0.000559
100, 9, 4, 0.000300
100, 9, 4, 0.000338
100, 9, 4, 0.000421
100, 9, 4, 0.000535
100, 9, 4, 0.000502
100, 9, 4, 0.000471
100, 9, 4, 0.000460
100, 9, 4, 0.000519
100, 9, 4, 0.000358
100, 9, 4, 0.000401
100, 9, 4, 0.000486
100, 9, 4, 0.000318
100, 9, 4, 0.000381
100, 9, 4, 0.000571
100, 9, 4, 0.000556
100, 9, 4, 0.000418
100, 10, 4, 0.000558
100, 10, 4, 0.000389
100, 10, 4, 0.000523
100, 10, 4, 0.000596
100, 10, 4, 0.000485
100, 10, 4, 0.000541
100, 10, 4, 0.000446
100, 10, 4, 0.000511
100, 10, 4, 0.000501
100, 10, 4, 0.000466
100, 10, 4, 0.000581
100, 10, 4, 0.000430
100, 10, 4, 0.000411
100, 10, 4, 0.000370
100, 10, 4, 0.000348
100, 10, 4, 0.000329
100, 0, 8, 0.000556
100, 0, 8, 0.000458
100, 0, 8, 0.000525
100, 0, 8, 0.000475
100, 0, 8, 0.000508
100, 0, 8, 0.000492
100, 0, 8, 0.000373
100, 0, 8, 0.000444
100, 0, 8, 0.000434
100, 0, 8, 0.000394
100, 0, 8, 0.000544
100, 0, 8, 0.000312
100, 0, 8, 0.000354
100, 0, 8, 0.000414
100, 0, 8, 0.000332
100, 0, 8, 0.000296
100, 1, 8, 0.000587
100, 1, 8, 0.000346
100, 1, 8, 0.000560
100, 1, 8, 0.000510
100, 1, 8, 0.000527
100, 1, 8, 0.000544
100, 1, 8, 0.000470
100, 1, 8, 0.000481
100, 1, 8, 0.000495
100, 1, 8, 0.000388
100, 1, 8, 0.000450
100, 1, 8, 0.000369
100, 1, 8, 0.000430
100, 1, 8, 0.000578
100, 1, 8, 0.000410
100, 1, 8, 0.000328
100, 2, 8, 0.000569
100, 2, 8, 0.000439
100, 2, 8, 0.000530
100, 2, 8, 0.000480
100, 2, 8, 0.000514
100, 2, 8, 0.000455
100, 2, 8, 0.000465
100, 2, 8, 0.000396
100, 2, 8, 0.000313
100, 2, 8, 0.000352
100, 2, 8, 0.000497
100, 2, 8, 0.000332
100, 2, 8, 0.000375
100, 2, 8, 0.000419
100, 2, 8, 0.000552
100, 2, 8, 0.000296
100, 3, 8, 0.000564
100, 3, 8, 0.000557
100, 3, 8, 0.000395
100, 3, 8, 0.000373
100, 3, 8, 0.000524
100, 3, 8, 0.000540
100, 3, 8, 0.000508
100, 3, 8, 0.000353
100, 3, 8, 0.000333
100, 3, 8, 0.000312
100, 3, 8, 0.000481
100, 3, 8, 0.000494
100, 3, 8, 0.000421
100, 3, 8, 0.000461
100, 3, 8, 0.000441
100, 3, 8, 0.000295
100, 4, 8, 0.000563
100, 4, 8, 0.000339
100, 4, 8, 0.000538
100, 4, 8, 0.000505
100, 4, 8, 0.000488
100, 4, 8, 0.000470
100, 4, 8, 0.000380
100, 4, 8, 0.000391
100, 4, 8, 0.000359
100, 4, 8, 0.000320
100, 4, 8, 0.000521
100, 4, 8, 0.000556
100, 4, 8, 0.000431
100, 4, 8, 0.000451
100, 4, 8, 0.000411
100, 4, 8, 0.000304
100, 5, 8, 0.000568
100, 5, 8, 0.000417
100, 5, 8, 0.000305
100, 5, 8, 0.000517
100, 5, 8, 0.000484
100, 5, 8, 0.000534
100, 5, 8, 0.000398
100, 5, 8, 0.000380
100, 5, 8, 0.000469
100, 5, 8, 0.000459
100, 5, 8, 0.000361
100, 5, 8, 0.000343
100, 5, 8, 0.000437
100, 5, 8, 0.000554
100, 5, 8, 0.000322
100, 5, 8, 0.000500
100, 6, 8, 0.000510
100, 6, 8, 0.000391
100, 6, 8, 0.000543
100, 6, 8, 0.000451
100, 6, 8, 0.000560
100, 6, 8, 0.000598
100, 6, 8, 0.000528
100, 6, 8, 0.000478
100, 6, 8, 0.000432
100, 6, 8, 0.000495
100, 6, 8, 0.000335
100, 6, 8, 0.000412
100, 6, 8, 0.000372
100, 6, 8, 0.000353
100, 6, 8, 0.000580
100, 6, 8, 0.000463
100, 7, 8, 0.000509
100, 7, 8, 0.000336
100, 7, 8, 0.000395
100, 7, 8, 0.000410
100, 7, 8, 0.000467
100, 7, 8, 0.000450
100, 7, 8, 0.000525
100, 7, 8, 0.000299
100, 7, 8, 0.000483
100, 7, 8, 0.000494
100, 7, 8, 0.000376
100, 7, 8, 0.000545
100, 7, 8, 0.000356
100, 7, 8, 0.000429
100, 7, 8, 0.000315
100, 7, 8, 0.000562
100, 8, 8, 0.000304
100, 8, 8, 0.000565
100, 8, 8, 0.000341
100, 8, 8, 0.000479
100, 8, 8, 0.000449
100, 8, 8, 0.000436
100, 8, 8, 0.000464
100, 8, 8, 0.000581
100, 8, 8, 0.000322
100, 8, 8, 0.000357
100, 8, 8, 0.000497
100, 8, 8, 0.000513
100, 8, 8, 0.000529
100, 8, 8, 0.000398
100, 8, 8, 0.000418
100, 8, 8, 0.000544
100, 9, 8, 0.000558
100, 9, 8, 0.000314
100, 9, 8, 0.000371
100, 9, 8, 0.000297
100, 9, 8, 0.000387
100, 9, 8, 0.000459
100, 9, 8, 0.000449
100, 9, 8, 0.000354
100, 9, 8, 0.000474
100, 9, 8, 0.000486
100, 9, 8, 0.000409
100, 9, 8, 0.000334
100, 9, 8, 0.000429
100, 9, 8, 0.000520
100, 9, 8, 0.000542
100, 9, 8, 0.000501
100, 10, 8, 0.000505
100, 10, 8, 0.000336
100, 10, 8, 0.000474
100, 10, 8, 0.000445
100, 10, 8, 0.000296
100, 10, 8, 0.000488
100, 10, 8, 0.000529
100, 10, 8, 0.000416
100, 10, 8, 0.000429
100, 10, 8, 0.000355
100, 10, 8, 0.000395
100, 10, 8, 0.000375
100, 10, 8, 0.000548
100, 10, 8, 0.000561
100, 10, 8, 0.000315
100, 10, 8, 0.000462
100, 0, 16, 0.000368
100, 0, 16, 0.000456
100, 0, 16, 0.000566
100, 0, 16, 0.000602
100, 0, 16, 0.000533
100, 0, 16, 0.000474
100, 0, 16, 0.000486
100, 0, 16, 0.000502
100, 0, 16, 0.000389
100, 0, 16, 0.000551
100, 0, 16, 0.000518
100, 0, 16, 0.000435
100, 0, 16, 0.000586
100, 0, 16, 0.000414
100, 0, 16, 0.000351
100, 0, 16, 0.000332
100, 1, 16, 0.000520
100, 1, 16, 0.000344
100, 1, 16, 0.000487
100, 1, 16, 0.000504
100, 1, 16, 0.000443
100, 1, 16, 0.000326
100, 1, 16, 0.000367
100, 1, 16, 0.000539
100, 1, 16, 0.000552
100, 1, 16, 0.000386
100, 1, 16, 0.000403
100, 1, 16, 0.000460
100, 1, 16, 0.000471
100, 1, 16, 0.000422
100, 1, 16, 0.000309
100, 1, 16, 0.000295
100, 2, 16, 0.000590
100, 2, 16, 0.000342
100, 2, 16, 0.000559
100, 2, 16, 0.000542
100, 2, 16, 0.000526
100, 2, 16, 0.000382
100, 2, 16, 0.000396
100, 2, 16, 0.000416
100, 2, 16, 0.000432
100, 2, 16, 0.000447
100, 2, 16, 0.000579
100, 2, 16, 0.000507
100, 2, 16, 0.000488
100, 2, 16, 0.000363
100, 2, 16, 0.000467
100, 2, 16, 0.000326
100, 3, 16, 0.000555
100, 3, 16, 0.000296
100, 3, 16, 0.000411
100, 3, 16, 0.000521
100, 3, 16, 0.000505
100, 3, 16, 0.000488
100, 3, 16, 0.000430
100, 3, 16, 0.000446
100, 3, 16, 0.000472
100, 3, 16, 0.000462
100, 3, 16, 0.000356
100, 3, 16, 0.000377
100, 3, 16, 0.000312
100, 3, 16, 0.000392
100, 3, 16, 0.000334
100, 3, 16, 0.000541
100, 4, 16, 0.000295
100, 4, 16, 0.000573
100, 4, 16, 0.000551
100, 4, 16, 0.000422
100, 4, 16, 0.000438
100, 4, 16, 0.000474
100, 4, 16, 0.000456
100, 4, 16, 0.000536
100, 4, 16, 0.000504
100, 4, 16, 0.000315
100, 4, 16, 0.000336
100, 4, 16, 0.000401
100, 4, 16, 0.000378
100, 4, 16, 0.000355
100, 4, 16, 0.000582
100, 4, 16, 0.000520
100, 5, 16, 0.000745
100, 5, 16, 0.000660
100, 5, 16, 0.000727
100, 5, 16, 0.000714
100, 5, 16, 0.000339
100, 5, 16, 0.000758
100, 5, 16, 0.000642
100, 5, 16, 0.000679
100, 5, 16, 0.000696
100, 5, 16, 0.000561
100, 5, 16, 0.000604
100, 5, 16, 0.000624
100, 5, 16, 0.000584
100, 5, 16, 0.000539
100, 5, 16, 0.000769
100, 5, 16, 0.000336
100, 6, 16, 0.000546
100, 6, 16, 0.000461
100, 6, 16, 0.000443
100, 6, 16, 0.000530
100, 6, 16, 0.000293
100, 6, 16, 0.000427
100, 6, 16, 0.000488
100, 6, 16, 0.000477
100, 6, 16, 0.000515
100, 6, 16, 0.000503
100, 6, 16, 0.000370
100, 6, 16, 0.000392
100, 6, 16, 0.000407
100, 6, 16, 0.000350
100, 6, 16, 0.000330
100, 6, 16, 0.000310
100, 7, 16, 0.000296
100, 7, 16, 0.000538
100, 7, 16, 0.000443
100, 7, 16, 0.000572
100, 7, 16, 0.000521
100, 7, 16, 0.000504
100, 7, 16, 0.000395
100, 7, 16, 0.000333
100, 7, 16, 0.000374
100, 7, 16, 0.000355
100, 7, 16, 0.000314
100, 7, 16, 0.000554
100, 7, 16, 0.000489
100, 7, 16, 0.000473
100, 7, 16, 0.000460
100, 7, 16, 0.000415
100, 8, 16, 0.000559
100, 8, 16, 0.000431
100, 8, 16, 0.000509
100, 8, 16, 0.000526
100, 8, 16, 0.000577
100, 8, 16, 0.000358
100, 8, 16, 0.000347
100, 8, 16, 0.000543
100, 8, 16, 0.000373
100, 8, 16, 0.000391
100, 8, 16, 0.000448
100, 8, 16, 0.000491
100, 8, 16, 0.000469
100, 8, 16, 0.000410
100, 8, 16, 0.000591
100, 8, 16, 0.000334
100, 9, 16, 0.000569
100, 9, 16, 0.000337
100, 9, 16, 0.000530
100, 9, 16, 0.000514
100, 9, 16, 0.000453
100, 9, 16, 0.000435
100, 9, 16, 0.000418
100, 9, 16, 0.000497
100, 9, 16, 0.000399
100, 9, 16, 0.000481
100, 9, 16, 0.000470
100, 9, 16, 0.000379
100, 9, 16, 0.000551
100, 9, 16, 0.000314
100, 9, 16, 0.000357
100, 9, 16, 0.000297
100, 10, 16, 0.000536
100, 10, 16, 0.000606
100, 10, 16, 0.000330
100, 10, 16, 0.000575
100, 10, 16, 0.000558
100, 10, 16, 0.000445
100, 10, 16, 0.000428
100, 10, 16, 0.000483
100, 10, 16, 0.000519
100, 10, 16, 0.000503
100, 10, 16, 0.000410
100, 10, 16, 0.000389
100, 10, 16, 0.000463
100, 10, 16, 0.000348
100, 10, 16, 0.000370
100, 10, 16, 0.000596
1000, 0, 1, 0.310306
1000, 0, 1, 0.310331
1000, 0, 1, 0.310356
1000, 0, 1, 0.310330
1000, 0, 1, 0.310345
1000, 0, 1, 0.310355
1000, 0, 1, 0.310361
1000, 0, 1, 0.310365
1000, 0, 1, 0.310348
1000, 0, 1, 0.310343
1000, 0, 1, 0.310364
1000, 0, 1, 0.310368
1000, 0, 1, 0.310359
1000, 0, 1, 0.310351
1000, 0, 1, 0.310367
1000, 0, 1, 0.310351
1000, 1, 1, 0.314851
1000, 1, 1, 0.314677
1000, 1, 1, 0.314725
1000, 1, 1, 0.315106
1000, 1, 1, 0.315047
1000, 1, 1, 0.314758
1000, 1, 1, 0.314650
1000, 1, 1, 0.314987
1000, 1, 1, 0.314789
1000, 1, 1, 0.314706
1000, 1, 1, 0.315150
1000, 1, 1, 0.314824
1000, 1, 1, 0.314843
1000, 1, 1, 0.315116
1000, 1, 1, 0.314925
1000, 1, 1, 0.314913
1000, 2, 1, 0.309951
1000, 2, 1, 0.309848
1000, 2, 1, 0.310003
1000, 2, 1, 0.309859
1000, 2, 1, 0.309885
1000, 2, 1, 0.310205
1000, 2, 1, 0.310083
1000, 2, 1, 0.309692
1000, 2, 1, 0.309741
1000, 2, 1, 0.309796
1000, 2, 1, 0.309760
1000, 2, 1, 0.309911
1000, 2, 1, 0.310043
1000, 2, 1, 0.310171
1000, 2, 1, 0.310155
1000, 2, 1, 0.309932
1000, 3, 1, 0.304419
1000, 3, 1, 0.303979
1000, 3, 1, 0.304098
1000, 3, 1, 0.303926
1000, 3, 1, 0.304028
1000, 3, 1, 0.304122
1000, 3, 1, 0.304249
1000, 3, 1, 0.303880
1000, 3, 1, 0.303902
1000, 3, 1, 0.303953
1000, 3, 1, 0.304002
1000, 3, 1, 0.304386
1000, 3, 1, 0.304197
1000, 3, 1, 0.304304
1000, 3, 1, 0.303850
1000, 3, 1, 0.304058
1000, 4, 1, 0.302935
1000, 4, 1, 0.302694
1000, 4, 1, 0.302369
1000, 4, 1, 0.302441
1000, 4, 1, 0.302523
1000, 4, 1, 0.302487
1000, 4, 1, 0.302794
1000, 4, 1, 0.302875
1000, 4, 1, 0.302934
1000, 4, 1, 0.302621
1000, 4, 1, 0.302411
1000, 4, 1, 0.302602
1000, 4, 1, 0.302573
1000, 4, 1, 0.302649
1000, 4, 1, 0.302494
1000, 4, 1, 0.302758
1000, 5, 1, 0.301672
1000, 5, 1, 0.301372
1000, 5, 1, 0.301386
1000, 5, 1, 0.301352
1000, 5, 1, 0.301301
1000, 5, 1, 0.301619
1000, 5, 1, 0.301256
1000, 5, 1, 0.301188
1000, 5, 1, 0.301209
1000, 5, 1, 0.301568
1000, 5, 1, 0.301521
1000, 5, 1, 0.301332
1000, 5, 1, 0.301434
1000, 5, 1, 0.301282
1000, 5, 1, 0.301476
1000, 5, 1, 0.301233
1000, 6, 1, 0.308955
1000, 6, 1, 0.308942
1000, 6, 1, 0.308835
1000, 6, 1, 0.308797
1000, 6, 1, 0.308673
1000, 6, 1, 0.308719
1000, 6, 1, 0.308744
1000, 6, 1, 0.308966
1000, 6, 1, 0.308717
1000, 6, 1, 0.308786
1000, 6, 1, 0.309069
1000, 6, 1, 0.308606
1000, 6, 1, 0.308654
1000, 6, 1, 0.308568
1000, 6, 1, 0.308928
1000, 6, 1, 0.308687
1000, 7, 1, 0.305230
1000, 7, 1, 0.305237
1000, 7, 1, 0.305607
1000, 7, 1, 0.305358
1000, 7, 1, 0.305468
1000, 7, 1, 0.305415
1000, 7, 1, 0.305330
1000, 7, 1, 0.305585
1000, 7, 1, 0.305304
1000, 7, 1, 0.305276
1000, 7, 1, 0.305399
1000, 7, 1, 0.305200
1000, 7, 1, 0.305162
1000, 7, 1, 0.305136
1000, 7, 1, 0.305114
1000, 7, 1, 0.305546
1000, 8, 1, 0.304167
1000, 8, 1, 0.304439
1000, 8, 1, 0.304539
1000, 8, 1, 0.304368
1000, 8, 1, 0.304567
1000, 8, 1, 0.304502
1000, 8, 1, 0.304399
1000, 8, 1, 0.304323
1000, 8, 1, 0.304240
1000, 8, 1, 0.304136
1000, 8, 1, 0.304356
1000, 8, 1, 0.304276
1000, 8, 1, 0.304311
1000, 8, 1, 0.304173
1000, 8, 1, 0.304668
1000, 8, 1, 0.304199
1000, 9, 1, 0.308532
1000, 9, 1, 0.308389
1000, 9, 1, 0.308283
1000, 9, 1, 0.308347
1000, 9, 1, 0.308569
1000, 9, 1, 0.308312
1000, 9, 1, 0.308271
1000, 9, 1, 0.308253
1000, 9, 1, 0.308236
1000, 9, 1, 0.308343
1000, 9, 1, 0.308215
1000, 9, 1, 0.308169
1000, 9, 1, 0.308640
1000, 9, 1, 0.308460
1000, 9, 1, 0.308143
1000, 9, 1, 0.308541
1000, 10, 1, 0.300014
1000, 10, 1, 0.300489
1000, 10, 1, 0.300472
1000, 10, 1, 0.300061
1000, 10, 1, 0.300202
1000, 10, 1, 0.300293
1000, 10, 1, 0.300392
1000, 10, 1, 0.300340
1000, 10, 1, 0.300410
1000, 10, 1, 0.300183
1000, 10, 1, 0.300096
1000, 10, 1, 0.300110
1000, 10, 1, 0.300079
1000, 10, 1, 0.300138
1000, 10, 1, 0.300036
1000, 10, 1, 0.300251
1000, 0, 2, 0.300524
1000, 0, 2, 0.299902
1000, 0, 2, 0.300354
1000, 0, 2, 0.300263
1000, 0, 2, 0.300488
1000, 0, 2, 0.299881
1000, 0, 2, 0.300177
1000, 0, 2, 0.300222
1000, 0, 2, 0.300307
1000, 0, 2, 0.299809
1000, 0, 2, 0.300100
1000, 0, 2, 0.300135
1000, 0, 2, 0.300377
1000, 0, 2, 0.299852
1000, 0, 2, 0.300079
1000, 0, 2, 0.300441
1000, 1, 2, 0.299995
1000, 1, 2, 0.299585
1000, 1, 2, 0.299853
1000, 1, 2, 0.299500
1000, 1, 2, 0.299837
1000, 1, 2, 0.299438
1000, 1, 2, 0.299414
1000, 1, 2, 0.299470
1000, 1, 2, 0.299672
1000, 1, 2, 0.299562
1000, 1, 2, 0.299532
1000, 1, 2, 0.299609
1000, 1, 2, 0.299375
1000, 1, 2, 0.299725
1000, 1, 2, 0.299783
1000, 1, 2, 0.299933
1000, 2, 2, 0.302220
1000, 2, 2, 0.301993
1000, 2, 2, 0.301892
1000, 2, 2, 0.301935
1000, 2, 2, 0.302036
1000, 2, 2, 0.301915
1000, 2, 2, 0.302163
1000, 2, 2, 0.301868
1000, 2, 2, 0.302119
1000, 2, 2, 0.302140
1000, 2, 2, 0.301819
1000, 2, 2, 0.302017
1000, 2, 2, 0.302073
1000, 2, 2, 0.302095
1000, 2, 2, 0.301845
1000, 2, 2, 0.302198
1000, 3, 2, 0.299534
1000, 3, 2, 0.299751
1000, 3, 2, 0.299595
1000, 3, 2, 0.299661
1000, 3, 2, 0.299284
1000, 3, 2, 0.299492
1000, 3, 2, 0.299335
1000, 3, 2, 0.299355
1000, 3, 2, 0.299301
1000, 3, 2, 0.299719
1000, 3, 2, 0.299451
1000, 3, 2, 0.299515
1000, 3, 2, 0.299470
1000, 3, 2, 0.299429
1000, 3, 2, 0.299382
1000, 3, 2, 0.299402
1000, 4, 2, 0.307878
1000, 4, 2, 0.307824
1000, 4, 2, 0.307649
1000, 4, 2, 0.307753
1000, 4, 2, 0.307484
1000, 4, 2, 0.307546
1000, 4, 2, 0.307567
1000, 4, 2, 0.307872
1000, 4, 2, 0.307529
1000, 4, 2, 0.307518
1000, 4, 2, 0.307621
1000, 4, 2, 0.307656
1000, 4, 2, 0.307842
1000, 4, 2, 0.307573
1000, 4, 2, 0.307727
1000, 4, 2, 0.307487
1000, 5, 2, 0.307370
1000, 5, 2, 0.307318
1000, 5, 2, 0.307565
1000, 5, 2, 0.307509
1000, 5, 2, 0.307590
1000, 5, 2, 0.307627
1000, 5, 2, 0.307645
1000, 5, 2, 0.307478
1000, 5, 2, 0.307434
1000, 5, 2, 0.307228
1000, 5, 2, 0.307250
1000, 5, 2, 0.307349
1000, 5, 2, 0.307193
1000, 5, 2, 0.307372
1000, 5, 2, 0.307304
1000, 5, 2, 0.307176
1000, 6, 2, 0.300203
1000, 6, 2, 0.299818
1000, 6, 2, 0.300232
1000, 6, 2, 0.299767
1000, 6, 2, 0.299993
1000, 6, 2, 0.299863
1000, 6, 2, 0.300048
1000, 6, 2, 0.300124
1000, 6, 2, 0.299743
1000, 6, 2, 0.300185
1000, 6, 2, 0.299884
1000, 6, 2, 0.299723
1000, 6, 2, 0.299699
1000, 6, 2, 0.299793
1000, 6, 2, 0.299843
1000, 6, 2, 0.300072
1000, 7, 2, 0.301174
1000, 7, 2, 0.301244
1000, 7, 2, 0.301117
1000, 7, 2, 0.300908
1000, 7, 2, 0.300801
1000, 7, 2, 0.300843
1000, 7, 2, 0.300777
1000, 7, 2, 0.300977
1000, 7, 2, 0.300930
1000, 7, 2, 0.300887
1000, 7, 2, 0.300866
1000, 7, 2, 0.301069
1000, 7, 2, 0.301019
1000, 7, 2, 0.300822
1000, 7, 2, 0.300742
1000, 7, 2, 0.300709
1000, 8, 2, 0.302434
1000, 8, 2, 0.302452
1000, 8, 2, 0.302468
1000, 8, 2, 0.302478
1000, 8, 2, 0.302441
1000, 8, 2, 0.306122
1000, 8, 2, 0.302459
1000, 8, 2, 0.302515
1000, 8, 2, 0.306052
1000, 8, 2, 0.302415
1000, 8, 2, 0.302509
1000, 8, 2, 0.302421
1000, 8, 2, 0.302406
1000, 8, 2, 0.306078
1000, 8, 2, 0.302500
1000, 8, 2, 0.302490
1000, 9, 2, 0.300590
1000, 9, 2, 0.300647
1000, 9, 2, 0.300706
1000, 9, 2, 0.300725
1000, 9, 2, 0.300827
1000, 9, 2, 0.300399
1000, 9, 2, 0.300847
1000, 9, 2, 0.300477
1000, 9, 2, 0.300452
1000, 9, 2, 0.300809
1000, 9, 2, 0.300423
1000, 9, 2, 0.300366
1000, 9, 2, 0.300504
1000, 9, 2, 0.300776
1000, 9, 2, 0.300920
1000, 9, 2, 0.300530
1000, 10, 2, 0.299845
1000, 10, 2, 0.299349
1000, 10, 2, 0.299478
1000, 10, 2, 0.299307
1000, 10, 2, 0.299813
1000, 10, 2, 0.299524
1000, 10, 2, 0.299545
1000, 10, 2, 0.299567
1000, 10, 2, 0.299500
1000, 10, 2, 0.299426
1000, 10, 2, 0.299751
1000, 10, 2, 0.299662
1000, 10, 2, 0.299616
1000, 10, 2, 0.299448
1000, 10, 2, 0.299379
1000, 10, 2, 0.299706
1000, 0, 4, 0.304593
1000, 0, 4, 0.304391
1000, 0, 4, 0.304721
1000, 0, 4, 0.304345
1000, 0, 4, 0.304772
1000, 0, 4, 0.304324
1000, 0, 4, 0.304492
1000, 0, 4, 0.304274
1000, 0, 4, 0.304260
1000, 0, 4, 0.304620
1000, 0, 4, 0.304437
1000, 0, 4, 0.304300
1000, 0, 4, 0.304928
1000, 0, 4, 0.304693
1000, 0, 4, 0.304836
1000, 0, 4, 0.304561
1000, 1, 4, 0.305347
1000, 1, 4, 0.305449
1000, 1, 4, 0.305756
1000, 1, 4, 0.305642
1000, 1, 4, 0.305290
1000, 1, 4, 0.305594
1000, 1, 4, 0.305848
1000, 1, 4, 0.305828
1000, 1, 4, 0.305405
1000, 1, 4, 0.305326
1000, 1, 4, 0.305488
1000, 1, 4, 0.305720
1000, 1, 4, 0.305469
1000, 1, 4, 0.305888
1000, 1, 4, 0.305515
1000, 1, 4, 0.305335
1000, 2, 4, 0.321686
1000, 2, 4, 0.321399
1000, 2, 4, 0.321550
1000, 2, 4, 0.321522
1000, 2, 4, 0.321484
1000, 2, 4, 0.321749
1000, 2, 4, 0.321376
1000, 2, 4, 0.321471
1000, 2, 4, 0.321775
1000, 2, 4, 0.321888
1000, 2, 4, 0.321833
1000, 2, 4, 0.321368
1000, 2, 4, 0.321465
1000, 2, 4, 0.321677
1000, 2, 4, 0.321443
1000, 2, 4, 0.321569
1000, 3, 4, 0.323885
1000, 3, 4, 0.324260
1000, 3, 4, 0.323758
1000, 3, 4, 0.324013
1000, 3, 4, 0.323872
1000, 3, 4, 0.324098
1000, 3, 4, 0.323665
1000, 3, 4, 0.323844
1000, 3, 4, 0.324240
1000, 3, 4, 0.323964
1000, 3, 4, 0.323823
1000, 3, 4, 0.324008
1000, 3, 4, 0.324278
1000, 3, 4, 0.323715
1000, 3, 4, 0.323807
1000, 3, 4, 0.324154
1000, 4, 4, 0.447008
1000, 4, 4, 0.445165
1000, 4, 4, 0.447084
1000, 4, 4, 0.446916
1000, 4, 4, 0.446847
1000, 4, 4, 0.447221
1000, 4, 4, 0.445086
1000, 4, 4, 0.446955
1000, 4, 4, 0.446825
1000, 4, 4, 0.447157
1000, 4, 4, 0.445262
1000, 4, 4, 0.445371
1000, 4, 4, 0.447249
1000, 4, 4, 0.445227
1000, 4, 4, 0.445322
1000, 4, 4, 0.445139
1000, 5, 4, 0.300448
1000, 5, 4, 0.300818
1000, 5, 4, 0.300498
1000, 5, 4, 0.300398
1000, 5, 4, 0.300585
1000, 5, 4, 0.300347
1000, 5, 4, 0.300375
1000, 5, 4, 0.300174
1000, 5, 4, 0.300231
1000, 5, 4, 0.300631
1000, 5, 4, 0.300703
1000, 5, 4, 0.300554
1000, 5, 4, 0.300282
1000, 5, 4, 0.300526
1000, 5, 4, 0.300141
1000, 5, 4, 0.300768
1000, 6, 4, 0.313344
1000, 6, 4, 0.313054
1000, 6, 4, 0.313394
1000, 6, 4, 0.312972
1000, 6, 4, 0.313263
1000, 6, 4, 0.313201
1000, 6, 4, 0.313106
1000, 6, 4, 0.313186
1000, 6, 4, 0.313016
1000, 6, 4, 0.312942
1000, 6, 4, 0.313068
1000, 6, 4, 0.313137
1000, 6, 4, 0.313324
1000, 6, 4, 0.313165
1000, 6, 4, 0.313100
1000, 6, 4, 0.313420
1000, 7, 4, 0.313534
1000, 7, 4, 0.313162
1000, 7, 4, 0.313341
1000, 7, 4, 0.313682
1000, 7, 4, 0.313459
1000, 7, 4, 0.313574
1000, 7, 4, 0.313517
1000, 7, 4, 0.313189
1000, 7, 4, 0.313309
1000, 7, 4, 0.313451
1000, 7, 4, 0.313399
1000, 7, 4, 0.313645
1000, 7, 4, 0.313346
1000, 7, 4, 0.313434
1000, 7, 4, 0.313250
1000, 7, 4, 0.313286
1000, 8, 4, 0.303678
1000, 8, 4, 0.303701
1000, 8, 4, 0.303780
1000, 8, 4, 0.303764
1000, 8, 4, 0.303715
1000, 8, 4, 0.304023
1000, 8, 4, 0.303742
1000, 8, 4, 0.303654
1000, 8, 4, 0.303797
1000, 8, 4, 0.303850
1000, 8, 4, 0.304076
1000, 8, 4, 0.303639
1000, 8, 4, 0.303908
1000, 8, 4, 0.303977
1000, 8, 4, 0.303832
1000, 8, 4, 0.303927
1000, 9, 4, 0.303375
1000, 9, 4, 0.303242
1000, 9, 4, 0.303715
1000, 9, 4, 0.303793
1000, 9, 4, 0.303635
1000, 9, 4, 0.303358
1000, 9, 4, 0.303225
1000, 9, 4, 0.303536
1000, 9, 4, 0.303198
1000, 9, 4, 0.303273
1000, 9, 4, 0.303345
1000, 9, 4, 0.303295
1000, 9, 4, 0.303329
1000, 9, 4, 0.303680
1000, 9, 4, 0.303482
1000, 9, 4, 0.303729
1000, 10, 4, 0.300057
1000, 10, 4, 0.300084
1000, 10, 4, 0.300267
1000, 10, 4, 0.300220
1000, 10, 4, 0.299951
1000, 10, 4, 0.299997
1000, 10, 4, 0.299898
1000, 10, 4, 0.300423
1000, 10, 4, 0.300164
1000, 10, 4, 0.300119
1000, 10, 4, 0.300305
1000, 10, 4, 0.300359
1000, 10, 4, 0.299974
1000, 10, 4, 0.300021
1000, 10, 4, 0.299916
1000, 10, 4, 0.300281
1000, 0, 8, 0.300418
1000, 0, 8, 0.300256
1000, 0, 8, 0.299866
1000, 0, 8, 0.299885
1000, 0, 8, 0.299815
1000, 0, 8, 0.299834
1000, 0, 8, 0.299959
1000, 0, 8, 0.300161
1000, 0, 8, 0.300100
1000, 0, 8, 0.300313
1000, 0, 8, 0.299922
1000, 0, 8, 0.300361
1000, 0, 8, 0.300206
1000, 0, 8, 0.300040
1000, 0, 8, 0.300002
1000, 0, 8, 0.300557
1000, 1, 8, 0.308781
1000, 1, 8, 0.308966
1000, 1, 8, 0.309237
1000, 1, 8, 0.309200
1000, 1, 8, 0.308922
1000, 1, 8, 0.308880
1000, 1, 8, 0.309290
1000, 1, 8, 0.309032
1000, 1, 8, 0.309088
1000, 1, 8, 0.308822
1000, 1, 8, 0.309071
1000, 1, 8, 0.309333
1000, 1, 8, 0.308960
1000, 1, 8, 0.308853
1000, 1, 8, 0.309018
1000, 1, 8, 0.309152
1000, 2, 8, 0.300780
1000, 2, 8, 0.300852
1000, 2, 8, 0.300392
1000, 2, 8, 0.300734
1000, 2, 8, 0.300529
1000, 2, 8, 0.300902
1000, 2, 8, 0.300562
1000, 2, 8, 0.300666
1000, 2, 8, 0.300357
1000, 2, 8, 0.300596
1000, 2, 8, 0.300694
1000, 2, 8, 0.300647
1000, 2, 8, 0.300971
1000, 2, 8, 0.300497
1000, 2, 8, 0.300420
1000, 2, 8, 0.300451
1000, 3, 8, 0.313027
1000, 3, 8, 0.312792
1000, 3, 8, 0.312869
1000, 3, 8, 0.312849
1000, 3, 8, 0.313256
1000, 3, 8, 0.312827
1000, 3, 8, 0.313279
1000, 3, 8, 0.312813
1000, 3, 8, 0.313180
1000, 3, 8, 0.312740
1000, 3, 8, 0.313243
1000, 3, 8, 0.313162
1000, 3, 8, 0.313065
1000, 3, 8, 0.313115
1000, 3, 8, 0.312889
1000, 3, 8, 0.312987
1000, 4, 8, 0.301221
1000, 4, 8, 0.301650
1000, 4, 8, 0.301452
1000, 4, 8, 0.301345
1000, 4, 8, 0.301196
1000, 4, 8, 0.301331
1000, 4, 8, 0.301564
1000, 4, 8, 0.301093
1000, 4, 8, 0.301143
1000, 4, 8, 0.301173
1000, 4, 8, 0.301434
1000, 4, 8, 0.301509
1000, 4, 8, 0.301280
1000, 4, 8, 0.301614
1000, 4, 8, 0.301123
1000, 4, 8, 0.301072
1000, 5, 8, 0.306445
1000, 5, 8, 0.306426
1000, 5, 8, 0.306491
1000, 5, 8, 0.306465
1000, 5, 8, 0.306869
1000, 5, 8, 0.306547
1000, 5, 8, 0.306575
1000, 5, 8, 0.306822
1000, 5, 8, 0.306667
1000, 5, 8, 0.306782
1000, 5, 8, 0.306621
1000, 5, 8, 0.306603
1000, 5, 8, 0.306934
1000, 5, 8, 0.306655
1000, 5, 8, 0.306715
1000, 5, 8, 0.306753
1000, 6, 8, 0.302143
1000, 6, 8, 0.302256
1000, 6, 8, 0.301986
1000, 6, 8, 0.302044
1000, 6, 8, 0.302172
1000, 6, 8, 0.302364
1000, 6, 8, 0.302405
1000, 6, 8, 0.301945
1000, 6, 8, 0.302457
1000, 6, 8, 0.302071
1000, 6, 8, 0.302294
1000, 6, 8, 0.301998
1000, 6, 8, 0.301985
1000, 6, 8, 0.302144
1000, 6, 8, 0.302219
1000, 6, 8, 0.302087
1000, 7, 8, 0.301219
1000, 7, 8, 0.301332
1000, 7, 8, 0.301015
1000, 7, 8, 0.301045
1000, 7, 8, 0.301369
1000, 7, 8, 0.300977
1000, 7, 8, 0.301177
1000, 7, 8, 0.301352
1000, 7, 8, 0.300990
1000, 7, 8, 0.301074
1000, 7, 8, 0.301054
1000, 7, 8, 0.301243
1000, 7, 8, 0.301132
1000, 7, 8, 0.301287
1000, 7, 8, 0.301002
1000, 7, 8, 0.301113
1000, 8, 8, 0.302449
1000, 8, 8, 0.302321
1000, 8, 8, 0.302301
1000, 8, 8, 0.302106
1000, 8, 8, 0.302178
1000, 8, 8, 0.302525
1000, 8, 8, 0.302153
1000, 8, 8, 0.302134
1000, 8, 8, 0.302362
1000, 8, 8, 0.302401
1000, 8, 8, 0.302197
1000, 8, 8, 0.302566
1000, 8, 8, 0.302278
1000, 8, 8, 0.302493
1000, 8, 8, 0.302219
1000, 8, 8, 0.302240
1000, 9, 8, 0.302576
1000, 9, 8, 0.302222
1000, 9, 8, 0.302378
1000, 9, 8, 0.302402
1000, 9, 8, 0.302748
1000, 9, 8, 0.302725
1000, 9, 8, 0.302324
1000, 9, 8, 0.302221
1000, 9, 8, 0.302290
1000, 9, 8, 0.302547
1000, 9, 8, 0.302459
1000, 9, 8, 0.302686
1000, 9, 8, 0.302644
1000, 9, 8, 0.302379
1000, 9, 8, 0.302517
1000, 9, 8, 0.302265
1000, 10, 8, 0.302169
1000, 10, 8, 0.302200
1000, 10, 8, 0.302859
1000, 10, 8, 0.302160
1000, 10, 8, 0.302794
1000, 10, 8, 0.302749
1000, 10, 8, 0.302699
1000, 10, 8, 0.302225
1000, 10, 8, 0.302902
1000, 10, 8, 0.302239
1000, 10, 8, 0.302209
1000, 10, 8, 0.302206
1000, 10, 8, 0.302225
1000, 10, 8, 0.302743
1000, 10, 8, 0.302233
1000, 10, 8, 0.302986
1000, 0, 16, 0.304381
1000, 0, 16, 0.304252
1000, 0, 16, 0.304508
1000, 0, 16, 0.304559
1000, 0, 16, 0.304576
1000, 0, 16, 0.304178
1000, 0, 16, 0.304602
1000, 0, 16, 0.304174
1000, 0, 16, 0.304153
1000, 0, 16, 0.304046
1000, 0, 16, 0.304634
1000, 0, 16, 0.304113
1000, 0, 16, 0.304366
1000, 0, 16, 0.304473
1000, 0, 16, 0.304312
1000, 0, 16, 0.303983
1000, 1, 16, 0.298845
1000, 1, 16, 0.299044
1000, 1, 16, 0.298754
1000, 1, 16, 0.298800
1000, 1, 16, 0.298895
1000, 1, 16, 0.298919
1000, 1, 16, 0.298938
1000, 1, 16, 0.298868
1000, 1, 16, 0.299200
1000, 1, 16, 0.298993
1000, 1, 16, 0.299123
1000, 1, 16, 0.299065
1000, 1, 16, 0.299156
1000, 1, 16, 0.299235
1000, 1, 16, 0.298775
1000, 1, 16, 0.298966
1000, 2, 16, 0.298360
1000, 2, 16, 0.298345
1000, 2, 16, 0.298206
1000, 2, 16, 0.297799
1000, 2, 16, 0.297916
1000, 2, 16, 0.297936
1000, 2, 16, 0.298026
1000, 2, 16, 0.297981
1000, 2, 16, 0.298140
1000, 2, 16, 0.298085
1000, 2, 16, 0.297874
1000, 2, 16, 0.297849
1000, 2, 16, 0.297954
1000, 2, 16, 0.297899
1000, 2, 16, 0.298278
1000, 2, 16, 0.298261
1000, 3, 16, 0.355027
1000, 3, 16, 0.354679
1000, 3, 16, 0.355108
1000, 3, 16, 0.355057
1000, 3, 16, 0.354858
1000, 3, 16, 0.354936
1000, 3, 16, 0.354544
1000, 3, 16, 0.354887
1000, 3, 16, 0.354620
1000, 3, 16, 0.354596
1000, 3, 16, 0.354960
1000, 3, 16, 0.354673
1000, 3, 16, 0.354575
1000, 3, 16, 0.354785
1000, 3, 16, 0.354654
1000, 3, 16, 0.354727
1000, 4, 16, 0.351595
1000, 4, 16, 0.351769
1000, 4, 16, 0.352041
1000, 4, 16, 0.351722
1000, 4, 16, 0.351810
1000, 4, 16, 0.351867
1000, 4, 16, 0.352181
1000, 4, 16, 0.351850
1000, 4, 16, 0.351791
1000, 4, 16, 0.352070
1000, 4, 16, 0.351707
1000, 4, 16, 0.351929
1000, 4, 16, 0.351660
1000, 4, 16, 0.351688
1000, 4, 16, 0.351646
1000, 4, 16, 0.352161
1000, 5, 16, 0.320607
1000, 5, 16, 0.320561
1000, 5, 16, 0.320651
1000, 5, 16, 0.320851
1000, 5, 16, 0.320508
1000, 5, 16, 0.320890
1000, 5, 16, 0.320702
1000, 5, 16, 0.320677
1000, 5, 16, 0.320936
1000, 5, 16, 0.320557
1000, 5, 16, 0.321010
1000, 5, 16, 0.320537
1000, 5, 16, 0.320721
1000, 5, 16, 0.320779
1000, 5, 16, 0.320614
1000, 5, 16, 0.320496
1000, 6, 16, 0.309624
1000, 6, 16, 0.309778
1000, 6, 16, 0.309675
1000, 6, 16, 0.309304
1000, 6, 16, 0.309315
1000, 6, 16, 0.309572
1000, 6, 16, 0.309542
1000, 6, 16, 0.309664
1000, 6, 16, 0.309288
1000, 6, 16, 0.309369
1000, 6, 16, 0.309510
1000, 6, 16, 0.309277
1000, 6, 16, 0.309429
1000, 6, 16, 0.309405
1000, 6, 16, 0.309367
1000, 6, 16, 0.309436
1000, 7, 16, 0.305743
1000, 7, 16, 0.305322
1000, 7, 16, 0.305625
1000, 7, 16, 0.305483
1000, 7, 16, 0.305837
1000, 7, 16, 0.305399
1000, 7, 16, 0.305882
1000, 7, 16, 0.305307
1000, 7, 16, 0.305283
1000, 7, 16, 0.305820
1000, 7, 16, 0.305507
1000, 7, 16, 0.305758
1000, 7, 16, 0.305568
1000, 7, 16, 0.305372
1000, 7, 16, 0.305426
1000, 7, 16, 0.305679
1000, 8, 16, 0.299270
1000, 8, 16, 0.299363
1000, 8, 16, 0.299163
1000, 8, 16, 0.299014
1000, 8, 16, 0.299414
1000, 8, 16, 0.299138
1000, 8, 16, 0.299318
1000, 8, 16, 0.298942
1000, 8, 16, 0.298923
1000, 8, 16, 0.299190
1000, 8, 16, 0.299062
1000, 8, 16, 0.299114
1000, 8, 16, 0.299038
1000, 8, 16, 0.299471
1000, 8, 16, 0.298967
1000, 8, 16, 0.299084
1000, 9, 16, 0.300169
1000, 9, 16, 0.300142
1000, 9, 16, 0.299854
1000, 9, 16, 0.299836
1000, 9, 16, 0.299754
1000, 9, 16, 0.299739
1000, 9, 16, 0.299917
1000, 9, 16, 0.299876
1000, 9, 16, 0.300085
1000, 9, 16, 0.299715
1000, 9, 16, 0.299791
1000, 9, 16, 0.299777
1000, 9, 16, 0.299810
1000, 9, 16, 0.300061
1000, 9, 16, 0.299971
1000, 9, 16, 0.299693
1000, 10, 16, 0.303713
1000, 10, 16, 0.303652
1000, 10, 16, 0.303914
1000, 10, 16, 0.303938
1000, 10, 16, 0.303775
1000, 10, 16, 0.303852
1000, 10, 16, 0.303815
1000, 10, 16, 0.303637
1000, 10, 16, 0.303536
1000, 10, 16, 0.303603
1000, 10, 16, 0.303480
1000, 10, 16, 0.303594
1000, 10, 16, 0.303701
1000, 10, 16, 0.303914
1000, 10, 16, 0.303563
1000, 10, 16, 0.303480
20, 0, 1, 0.000654
20, 1, 1, 0.000014
20, 2, 1, 0.000012
20, 3, 1, 0.000011
20, 4, 1, 0.000011
20, 5, 1, 0.000011
20, 6, 1, 0.000012
20, 7, 1, 0.000011
20, 8, 1, 0.000011
20, 9, 1, 0.000011
20, 10, 1, 0.000011
20, 0, 2, 0.000011
20, 1, 2, 0.000011
20, 2, 2, 0.000011
20, 3, 2, 0.000011
20, 4, 2, 0.000012
20, 5, 2, 0.000011
20, 6, 2, 0.000011
20, 7, 2, 0.000012
20, 8, 2, 0.000012
20, 9, 2, 0.000010
20, 10, 2, 0.000010
20, 0, 4, 0.000010
20, 1, 4, 0.000009
20, 2, 4, 0.000010
20, 3, 4, 0.000009
20, 4, 4, 0.000009
20, 5, 4, 0.000041
20, 6, 4, 0.000010
20, 7, 4, 0.000011
20, 8, 4, 0.000010
20, 9, 4, 0.000010
20, 10, 4, 0.000010
20, 0, 8, 0.000010
20, 1, 8, 0.000010
20, 2, 8, 0.000009
20, 3, 8, 0.000009
20, 4, 8, 0.000009
20, 5, 8, 0.000010
20, 6, 8, 0.000010
20, 7, 8, 0.000010
20, 8, 8, 0.000009
20, 9, 8, 0.000009
20, 10, 8, 0.000010
20, 0, 16, 0.000010
20, 1, 16, 0.000009
20, 2, 16, 0.000009
20, 3, 16, 0.000010
20, 4, 16, 0.000009
20, 5, 16, 0.000009
20, 6, 16, 0.000009
20, 7, 16, 0.000009
20, 8, 16, 0.000010
20, 9, 16, 0.000009
20, 10, 16, 0.000009
100, 0, 1, 0.000346
100, 1, 1, 0.000332
100, 2, 1, 0.000340
100, 3, 1, 0.000303
100, 4, 1, 0.000301
100, 5, 1, 0.000341
100, 6, 1, 0.000303
100, 7, 1, 0.000301
100, 8, 1, 0.000337
100, 9, 1, 0.000303
100, 10, 1, 0.000301
100, 0, 2, 0.000334
100, 1, 2, 0.000300
100, 2, 2, 0.000301
100, 3, 2, 0.000303
100, 4, 2, 0.000334
100, 5, 2, 0.000301
100, 6, 2, 0.000307
100, 7, 2, 0.000332
100, 8, 2, 0.000306
100, 9, 2, 0.000301
100, 10, 2, 0.000332
100, 0, 4, 0.000304
100, 1, 4, 0.000304
100, 2, 4, 0.000338
100, 3, 4, 0.000302
100, 4, 4, 0.000302
100, 5, 4, 0.000335
100, 6, 4, 0.000302
100, 7, 4, 0.000303
100, 8, 4, 0.000335
100, 9, 4, 0.000302
100, 10, 4, 0.000303
100, 0, 8, 0.000335
100, 1, 8, 0.000303
100, 2, 8, 0.000301
100, 3, 8, 0.000351
100, 4, 8, 0.000300
100, 5, 8, 0.000302
100, 6, 8, 0.000334
100, 7, 8, 0.000302
100, 8, 8, 0.000302
100, 9, 8, 0.000336
100, 10, 8, 0.000303
100, 0, 16, 0.000300
100, 1, 16, 0.000342
100, 2, 16, 0.000300
100, 3, 16, 0.000302
100, 4, 16, 0.000333
100, 5, 16, 0.000301
100, 6, 16, 0.000302
100, 7, 16, 0.000303
100, 8, 16, 0.000332
100, 9, 16, 0.000303
100, 10, 16, 0.000301
1000, 0, 1, 0.312879
1000, 1, 1, 0.307995
1000, 2, 1, 0.299335
1000, 3, 1, 0.315987
1000, 4, 1, 0.304566
1000, 5, 1, 0.305066
1000, 6, 1, 0.308310
1000, 7, 1, 0.306554
1000, 8, 1, 0.310488
1000, 9, 1, 0.303607
1000, 10, 1, 0.300695
1000, 0, 2, 0.306424
1000, 1, 2, 0.305485
1000, 2, 2, 0.299420
1000, 3, 2, 0.304952
1000, 4, 2, 0.300412
1000, 5, 2, 0.303318
1000, 6, 2, 0.304370
1000, 7, 2, 0.300972
1000, 8, 2, 0.298926
1000, 9, 2, 0.300801
1000, 10, 2, 0.298956
1000, 0, 4, 0.298377
1000, 1, 4, 0.304208
1000, 2, 4, 0.306508
1000, 3, 4, 0.305766
1000, 4, 4, 0.305324
1000, 5, 4, 0.302451
1000, 6, 4, 0.301341
1000, 7, 4, 0.303905
1000, 8, 4, 0.308107
1000, 9, 4, 0.304157
1000, 10, 4, 0.308700
1000, 0, 8, 0.308249
1000, 1, 8, 0.305734
1000, 2, 8, 0.301127
1000, 3, 8, 0.300420
1000, 4, 8, 0.301366
1000, 5, 8, 0.299895
1000, 6, 8, 0.300053
1000, 7, 8, 0.303858
1000, 8, 8, 0.301610
1000, 9, 8, 0.302088
1000, 10, 8, 0.300265
1000, 0, 16, 0.313630
1000, 1, 16, 0.308771
1000, 2, 16, 0.301705
1000, 3, 16, 0.300568
1000, 4, 16, 0.302362
1000, 5, 16, 0.299465
1000, 6, 16, 0.312506
1000, 7, 16, 0.306807
1000, 8, 16, 0.304717
1000, 9, 16, 0.302699
1000, 10, 16, 0.310893
